Workbook

Sheet Guide
B1: Timesheet 2026
B2: Log daily project hours against NTIME or P6. Unbooked hours become Overhead (Department Hours) automatically.
B4: How to use
B5: 1. | C5: Settings: check available hours per day (default 8), week start day, where overhead is booked, and overtime.
B6: 2. | C6: Projects: enter each project once (name, project number, Oracle code). They then appear in the dropdowns.
B7: 3. | C7: Month sheets: add one row per task in the Entry log - date, project (dropdown), task description, NTIME/P6, hours.
C8: Project number and Oracle code fill in automatically. The Check column flags anything missing or a day over its hours.
B9: 4. | C9: Daily summary (bottom right of each month): change Day type for leave, public holidays, or a day of only overhead.
B10: 5. | C10: Everything else is calculated: month KPIs, weekly summary and chart, projects this month, and the year dashboard.
B12: Rules
B13: Overhead | C13: On a Working day with project hours: overhead = available hours - project hours (never below 0).
C14: Example: Project A 4 h in NTIME + Project B 3 h in P6 = 7 h, so 1 h goes to Overhead.
B15: Overhead only | C15: Set Day type to 'Overhead only' for a working day with no project work: the whole day is overhead.
B16: Not logged | C16: A Working day up to today with no entries is shown as 'Not logged' and counts 0 hours.
B17: Leave etc. | C17: Leave, Public Holiday and Weekend days count no overhead.
B18: Overtime | C18: If Allow overtime is No, a day over its available hours is flagged in red. Extra hours show as Overtime.
B19: Weeks | C19: Weeks start on the day chosen in Settings and are cut at the month's first and last day.
B21: Legend
C22: Yellow cells with blue text are inputs - type or pick from the dropdown.
B23: 1.0 | C23: White cells are formulas - don't type over them.
B25: Example entry row (format to follow)
B26: Date | C26: Day | D26: Project Name | E26: Project Number | F26: Oracle Code | G26: Task Description | H26: System | I26: Hours
B27: 46027 | C27: Mon | D27: Project A | E27: PRJ-2041 | F27: 4100.22.07 | G27: Reviewed piping layout drawings | H27: NTIME | I27: 4

Sheet 2026 Dashboard
B1: 2026 Dashboard
B2: Year totals from the month sheets. Nothing to enter here.
B3: YEAR SUMMARY
B4: Total hours | C4: =IF(OHSystem="NTIME","NTIME (incl. overhead)","NTIME") -> NTIME | D4: =IF(OHSystem="P6","P6 (incl. overhead)","P6") -> P6 | E4: Overhead | F4: Overtime | G4: Utilisation | H4: Days logged | I4: Days not logged
B5: =G21 -> 0 | C5: =C21 -> 0 | D5: =D21 -> 0 | E5: =E21 -> 0 | F5: =F21 -> 0 | G5: =H21 -> - | H5: =I21 -> 0 | I5: =J21 -> 207
B7: MONTHLY SUMMARY
B8: Month | C8: NTIME | D8: P6 | E8: Overhead | F8: Overtime | G8: Total | H8: Utilisation | I8: Days logged | J8: Days not logged | L8: NTIME | M8: P6 | N8: Overhead
B9: January | C9: =January!M5 -> 0 | D9: =January!N5 -> 0 | E9: =January!O5 -> 0 | F9: =January!P5 -> 0 | G9: =January!L5 -> 0 | H9: =January!Q5 -> - | I9: =January!R5 -> 0 | J9: =January!S5 -> 22 | L9: =January!AF16 -> 0 | M9: =January!AG16 -> 0 | N9: =January!AH16 -> 0
B10: February | C10: =February!M5 -> 0 | D10: =February!N5 -> 0 | E10: =February!O5 -> 0 | F10: =February!P5 -> 0 | G10: =February!L5 -> 0 | H10: =February!Q5 -> - | I10: =February!R5 -> 0 | J10: =February!S5 -> 20 | L10: =February!AF16 -> 0 | M10: =February!AG16 -> 0 | N10: =February!AH16 -> 0
B11: March | C11: =March!M5 -> 0 | D11: =March!N5 -> 0 | E11: =March!O5 -> 0 | F11: =March!P5 -> 0 | G11: =March!L5 -> 0 | H11: =March!Q5 -> - | I11: =March!R5 -> 0 | J11: =March!S5 -> 22 | L11: =March!AF16 -> 0 | M11: =March!AG16 -> 0 | N11: =March!AH16 -> 0
B12: April | C12: =April!M5 -> 0 | D12: =April!N5 -> 0 | E12: =April!O5 -> 0 | F12: =April!P5 -> 0 | G12: =April!L5 -> 0 | H12: =April!Q5 -> - | I12: =April!R5 -> 0 | J12: =April!S5 -> 22 | L12: =April!AF16 -> 0 | M12: =April!AG16 -> 0 | N12: =April!AH16 -> 0
B13: May | C13: =May!M5 -> 0 | D13: =May!N5 -> 0 | E13: =May!O5 -> 0 | F13: =May!P5 -> 0 | G13: =May!L5 -> 0 | H13: =May!Q5 -> - | I13: =May!R5 -> 0 | J13: =May!S5 -> 21 | L13: =May!AF16 -> 0 | M13: =May!AG16 -> 0 | N13: =May!AH16 -> 0
B14: June | C14: =June!M5 -> 0 | D14: =June!N5 -> 0 | E14: =June!O5 -> 0 | F14: =June!P5 -> 0 | G14: =June!L5 -> 0 | H14: =June!Q5 -> - | I14: =June!R5 -> 0 | J14: =June!S5 -> 22 | L14: =June!AF16 -> 0 | M14: =June!AG16 -> 0 | N14: =June!AH16 -> 0
B15: July | C15: =July!M5 -> 0 | D15: =July!N5 -> 0 | E15: =July!O5 -> 0 | F15: =July!P5 -> 0 | G15: =July!L5 -> 0 | H15: =July!Q5 -> - | I15: =July!R5 -> 0 | J15: =July!S5 -> 23 | L15: =July!AF16 -> 0 | M15: =July!AG16 -> 0 | N15: =July!AH16 -> 0
B16: August | C16: =August!M5 -> 0 | D16: =August!N5 -> 0 | E16: =August!O5 -> 0 | F16: =August!P5 -> 0 | G16: =August!L5 -> 0 | H16: =August!Q5 -> - | I16: =August!R5 -> 0 | J16: =August!S5 -> 21 | L16: =August!AF16 -> 0 | M16: =August!AG16 -> 0 | N16: =August!AH16 -> 0
B17: September | C17: =September!M5 -> 0 | D17: =September!N5 -> 0 | E17: =September!O5 -> 0 | F17: =September!P5 -> 0 | G17: =September!L5 -> 0 | H17: =September!Q5 -> - | I17: =September!R5 -> 0 | J17: =September!S5 -> 22 | L17: =September!AF16 -> 0 | M17: =September!AG16 -> 0 | N17: =September!AH16 -> 0
B18: October | C18: =October!M5 -> 0 | D18: =October!N5 -> 0 | E18: =October!O5 -> 0 | F18: =October!P5 -> 0 | G18: =October!L5 -> 0 | H18: =October!Q5 -> - | I18: =October!R5 -> 0 | J18: =October!S5 -> 12 | L18: =October!AF16 -> 0 | M18: =October!AG16 -> 0 | N18: =October!AH16 -> 0
B19: November | C19: =November!M5 -> 0 | D19: =November!N5 -> 0 | E19: =November!O5 -> 0 | F19: =November!P5 -> 0 | G19: =November!L5 -> 0 | H19: =November!Q5 -> - | I19: =November!R5 -> 0 | J19: =November!S5 -> 0 | L19: =November!AF16 -> 0 | M19: =November!AG16 -> 0 | N19: =November!AH16 -> 0
B20: December | C20: =December!M5 -> 0 | D20: =December!N5 -> 0 | E20: =December!O5 -> 0 | F20: =December!P5 -> 0 | G20: =December!L5 -> 0 | H20: =December!Q5 -> - | I20: =December!R5 -> 0 | J20: =December!S5 -> 0 | L20: =December!AF16 -> 0 | M20: =December!AG16 -> 0 | N20: =December!AH16 -> 0
B21: Year total | C21: =SUM(C9:C20) -> 0 | D21: =SUM(D9:D20) -> 0 | E21: =SUM(E9:E20) -> 0 | F21: =SUM(F9:F20) -> 0 | G21: =SUM(G9:G20) -> 0 | H21: =IF(G21=0,"-",(SUM(L9:L20)+SUM(M9:M20))/G21) -> - | I21: =SUM(I9:I20) -> 0 | J21: =SUM(J9:J20) -> 207
B41: TOP PROJECTS 2026
B42: Project | C42: Project Number | D42: Oracle Code | E42: NTIME | F42: P6 | G42: Total | H42: % of year
B43: =IF($P43=0,"",INDEX(Projects!$B$5:$B$204,$P43)) | C43: =IF($P43=0,"",INDEX(Projects!$C$5:$C$204,$P43)) | D43: =IF($P43=0,"",INDEX(Projects!$D$5:$D$204,$P43)) | E43: =IF($P43=0,"",INDEX(Projects!$E$5:$E$204,$P43)) | F43: =IF($P43=0,"",INDEX(Projects!$F$5:$F$204,$P43)) | G43: =IF($P43=0,"",INDEX(Projects!$G$5:$G$204,$P43)) | H43: =IF(OR($P43=0,$G$21=0),"",G43/$G$21) | P43: =IF(LARGE(Projects!$I$5:$I$204,1)<=0,0,MATCH(LARGE(Projects!$I$5:$I$204,1),Projects!$I$5:$I$204,0)) -> 0
B44: =IF($P44=0,"",INDEX(Projects!$B$5:$B$204,$P44)) | C44: =IF($P44=0,"",INDEX(Projects!$C$5:$C$204,$P44)) | D44: =IF($P44=0,"",INDEX(Projects!$D$5:$D$204,$P44)) | E44: =IF($P44=0,"",INDEX(Projects!$E$5:$E$204,$P44)) | F44: =IF($P44=0,"",INDEX(Projects!$F$5:$F$204,$P44)) | G44: =IF($P44=0,"",INDEX(Projects!$G$5:$G$204,$P44)) | H44: =IF(OR($P44=0,$G$21=0),"",G44/$G$21) | P44: =IF(LARGE(Projects!$I$5:$I$204,2)<=0,0,MATCH(LARGE(Projects!$I$5:$I$204,2),Projects!$I$5:$I$204,0)) -> 0
B45: =IF($P45=0,"",INDEX(Projects!$B$5:$B$204,$P45)) | C45: =IF($P45=0,"",INDEX(Projects!$C$5:$C$204,$P45)) | D45: =IF($P45=0,"",INDEX(Projects!$D$5:$D$204,$P45)) | E45: =IF($P45=0,"",INDEX(Projects!$E$5:$E$204,$P45)) | F45: =IF($P45=0,"",INDEX(Projects!$F$5:$F$204,$P45)) | G45: =IF($P45=0,"",INDEX(Projects!$G$5:$G$204,$P45)) | H45: =IF(OR($P45=0,$G$21=0),"",G45/$G$21) | P45: =IF(LARGE(Projects!$I$5:$I$204,3)<=0,0,MATCH(LARGE(Projects!$I$5:$I$204,3),Projects!$I$5:$I$204,0)) -> 0
B46: =IF($P46=0,"",INDEX(Projects!$B$5:$B$204,$P46)) | C46: =IF($P46=0,"",INDEX(Projects!$C$5:$C$204,$P46)) | D46: =IF($P46=0,"",INDEX(Projects!$D$5:$D$204,$P46)) | E46: =IF($P46=0,"",INDEX(Projects!$E$5:$E$204,$P46)) | F46: =IF($P46=0,"",INDEX(Projects!$F$5:$F$204,$P46)) | G46: =IF($P46=0,"",INDEX(Projects!$G$5:$G$204,$P46)) | H46: =IF(OR($P46=0,$G$21=0),"",G46/$G$21) | P46: =IF(LARGE(Projects!$I$5:$I$204,4)<=0,0,MATCH(LARGE(Projects!$I$5:$I$204,4),Projects!$I$5:$I$204,0)) -> 0
B47: =IF($P47=0,"",INDEX(Projects!$B$5:$B$204,$P47)) | C47: =IF($P47=0,"",INDEX(Projects!$C$5:$C$204,$P47)) | D47: =IF($P47=0,"",INDEX(Projects!$D$5:$D$204,$P47)) | E47: =IF($P47=0,"",INDEX(Projects!$E$5:$E$204,$P47)) | F47: =IF($P47=0,"",INDEX(Projects!$F$5:$F$204,$P47)) | G47: =IF($P47=0,"",INDEX(Projects!$G$5:$G$204,$P47)) | H47: =IF(OR($P47=0,$G$21=0),"",G47/$G$21) | P47: =IF(LARGE(Projects!$I$5:$I$204,5)<=0,0,MATCH(LARGE(Projects!$I$5:$I$204,5),Projects!$I$5:$I$204,0)) -> 0
B48: =IF($P48=0,"",INDEX(Projects!$B$5:$B$204,$P48)) | C48: =IF($P48=0,"",INDEX(Projects!$C$5:$C$204,$P48)) | D48: =IF($P48=0,"",INDEX(Projects!$D$5:$D$204,$P48)) | E48: =IF($P48=0,"",INDEX(Projects!$E$5:$E$204,$P48)) | F48: =IF($P48=0,"",INDEX(Projects!$F$5:$F$204,$P48)) | G48: =IF($P48=0,"",INDEX(Projects!$G$5:$G$204,$P48)) | H48: =IF(OR($P48=0,$G$21=0),"",G48/$G$21) | P48: =IF(LARGE(Projects!$I$5:$I$204,6)<=0,0,MATCH(LARGE(Projects!$I$5:$I$204,6),Projects!$I$5:$I$204,0)) -> 0
B49: =IF($P49=0,"",INDEX(Projects!$B$5:$B$204,$P49)) | C49: =IF($P49=0,"",INDEX(Projects!$C$5:$C$204,$P49)) | D49: =IF($P49=0,"",INDEX(Projects!$D$5:$D$204,$P49)) | E49: =IF($P49=0,"",INDEX(Projects!$E$5:$E$204,$P49)) | F49: =IF($P49=0,"",INDEX(Projects!$F$5:$F$204,$P49)) | G49: =IF($P49=0,"",INDEX(Projects!$G$5:$G$204,$P49)) | H49: =IF(OR($P49=0,$G$21=0),"",G49/$G$21) | P49: =IF(LARGE(Projects!$I$5:$I$204,7)<=0,0,MATCH(LARGE(Projects!$I$5:$I$204,7),Projects!$I$5:$I$204,0)) -> 0
B50: =IF($P50=0,"",INDEX(Projects!$B$5:$B$204,$P50)) | C50: =IF($P50=0,"",INDEX(Projects!$C$5:$C$204,$P50)) | D50: =IF($P50=0,"",INDEX(Projects!$D$5:$D$204,$P50)) | E50: =IF($P50=0,"",INDEX(Projects!$E$5:$E$204,$P50)) | F50: =IF($P50=0,"",INDEX(Projects!$F$5:$F$204,$P50)) | G50: =IF($P50=0,"",INDEX(Projects!$G$5:$G$204,$P50)) | H50: =IF(OR($P50=0,$G$21=0),"",G50/$G$21) | P50: =IF(LARGE(Projects!$I$5:$I$204,8)<=0,0,MATCH(LARGE(Projects!$I$5:$I$204,8),Projects!$I$5:$I$204,0)) -> 0
B51: =IF($P51=0,"",INDEX(Projects!$B$5:$B$204,$P51)) | C51: =IF($P51=0,"",INDEX(Projects!$C$5:$C$204,$P51)) | D51: =IF($P51=0,"",INDEX(Projects!$D$5:$D$204,$P51)) | E51: =IF($P51=0,"",INDEX(Projects!$E$5:$E$204,$P51)) | F51: =IF($P51=0,"",INDEX(Projects!$F$5:$F$204,$P51)) | G51: =IF($P51=0,"",INDEX(Projects!$G$5:$G$204,$P51)) | H51: =IF(OR($P51=0,$G$21=0),"",G51/$G$21) | P51: =IF(LARGE(Projects!$I$5:$I$204,9)<=0,0,MATCH(LARGE(Projects!$I$5:$I$204,9),Projects!$I$5:$I$204,0)) -> 0
B52: =IF($P52=0,"",INDEX(Projects!$B$5:$B$204,$P52)) | C52: =IF($P52=0,"",INDEX(Projects!$C$5:$C$204,$P52)) | D52: =IF($P52=0,"",INDEX(Projects!$D$5:$D$204,$P52)) | E52: =IF($P52=0,"",INDEX(Projects!$E$5:$E$204,$P52)) | F52: =IF($P52=0,"",INDEX(Projects!$F$5:$F$204,$P52)) | G52: =IF($P52=0,"",INDEX(Projects!$G$5:$G$204,$P52)) | H52: =IF(OR($P52=0,$G$21=0),"",G52/$G$21) | P52: =IF(LARGE(Projects!$I$5:$I$204,10)<=0,0,MATCH(LARGE(Projects!$I$5:$I$204,10),Projects!$I$5:$I$204,0)) -> 0
B53: =IF($P53=0,"",INDEX(Projects!$B$5:$B$204,$P53)) | C53: =IF($P53=0,"",INDEX(Projects!$C$5:$C$204,$P53)) | D53: =IF($P53=0,"",INDEX(Projects!$D$5:$D$204,$P53)) | E53: =IF($P53=0,"",INDEX(Projects!$E$5:$E$204,$P53)) | F53: =IF($P53=0,"",INDEX(Projects!$F$5:$F$204,$P53)) | G53: =IF($P53=0,"",INDEX(Projects!$G$5:$G$204,$P53)) | H53: =IF(OR($P53=0,$G$21=0),"",G53/$G$21) | P53: =IF(LARGE(Projects!$I$5:$I$204,11)<=0,0,MATCH(LARGE(Projects!$I$5:$I$204,11),Projects!$I$5:$I$204,0)) -> 0
B54: =IF($P54=0,"",INDEX(Projects!$B$5:$B$204,$P54)) | C54: =IF($P54=0,"",INDEX(Projects!$C$5:$C$204,$P54)) | D54: =IF($P54=0,"",INDEX(Projects!$D$5:$D$204,$P54)) | E54: =IF($P54=0,"",INDEX(Projects!$E$5:$E$204,$P54)) | F54: =IF($P54=0,"",INDEX(Projects!$F$5:$F$204,$P54)) | G54: =IF($P54=0,"",INDEX(Projects!$G$5:$G$204,$P54)) | H54: =IF(OR($P54=0,$G$21=0),"",G54/$G$21) | P54: =IF(LARGE(Projects!$I$5:$I$204,12)<=0,0,MATCH(LARGE(Projects!$I$5:$I$204,12),Projects!$I$5:$I$204,0)) -> 0
B55: =IF($P55=0,"",INDEX(Projects!$B$5:$B$204,$P55)) | C55: =IF($P55=0,"",INDEX(Projects!$C$5:$C$204,$P55)) | D55: =IF($P55=0,"",INDEX(Projects!$D$5:$D$204,$P55)) | E55: =IF($P55=0,"",INDEX(Projects!$E$5:$E$204,$P55)) | F55: =IF($P55=0,"",INDEX(Projects!$F$5:$F$204,$P55)) | G55: =IF($P55=0,"",INDEX(Projects!$G$5:$G$204,$P55)) | H55: =IF(OR($P55=0,$G$21=0),"",G55/$G$21) | P55: =IF(LARGE(Projects!$I$5:$I$204,13)<=0,0,MATCH(LARGE(Projects!$I$5:$I$204,13),Projects!$I$5:$I$204,0)) -> 0
B56: =IF($P56=0,"",INDEX(Projects!$B$5:$B$204,$P56)) | C56: =IF($P56=0,"",INDEX(Projects!$C$5:$C$204,$P56)) | D56: =IF($P56=0,"",INDEX(Projects!$D$5:$D$204,$P56)) | E56: =IF($P56=0,"",INDEX(Projects!$E$5:$E$204,$P56)) | F56: =IF($P56=0,"",INDEX(Projects!$F$5:$F$204,$P56)) | G56: =IF($P56=0,"",INDEX(Projects!$G$5:$G$204,$P56)) | H56: =IF(OR($P56=0,$G$21=0),"",G56/$G$21) | P56: =IF(LARGE(Projects!$I$5:$I$204,14)<=0,0,MATCH(LARGE(Projects!$I$5:$I$204,14),Projects!$I$5:$I$204,0)) -> 0
B57: =IF($P57=0,"",INDEX(Projects!$B$5:$B$204,$P57)) | C57: =IF($P57=0,"",INDEX(Projects!$C$5:$C$204,$P57)) | D57: =IF($P57=0,"",INDEX(Projects!$D$5:$D$204,$P57)) | E57: =IF($P57=0,"",INDEX(Projects!$E$5:$E$204,$P57)) | F57: =IF($P57=0,"",INDEX(Projects!$F$5:$F$204,$P57)) | G57: =IF($P57=0,"",INDEX(Projects!$G$5:$G$204,$P57)) | H57: =IF(OR($P57=0,$G$21=0),"",G57/$G$21) | P57: =IF(LARGE(Projects!$I$5:$I$204,15)<=0,0,MATCH(LARGE(Projects!$I$5:$I$204,15),Projects!$I$5:$I$204,0)) -> 0
B58: =IF($P58=0,"",INDEX(Projects!$B$5:$B$204,$P58)) | C58: =IF($P58=0,"",INDEX(Projects!$C$5:$C$204,$P58)) | D58: =IF($P58=0,"",INDEX(Projects!$D$5:$D$204,$P58)) | E58: =IF($P58=0,"",INDEX(Projects!$E$5:$E$204,$P58)) | F58: =IF($P58=0,"",INDEX(Projects!$F$5:$F$204,$P58)) | G58: =IF($P58=0,"",INDEX(Projects!$G$5:$G$204,$P58)) | H58: =IF(OR($P58=0,$G$21=0),"",G58/$G$21) | P58: =IF(LARGE(Projects!$I$5:$I$204,16)<=0,0,MATCH(LARGE(Projects!$I$5:$I$204,16),Projects!$I$5:$I$204,0)) -> 0
B59: =IF($P59=0,"",INDEX(Projects!$B$5:$B$204,$P59)) | C59: =IF($P59=0,"",INDEX(Projects!$C$5:$C$204,$P59)) | D59: =IF($P59=0,"",INDEX(Projects!$D$5:$D$204,$P59)) | E59: =IF($P59=0,"",INDEX(Projects!$E$5:$E$204,$P59)) | F59: =IF($P59=0,"",INDEX(Projects!$F$5:$F$204,$P59)) | G59: =IF($P59=0,"",INDEX(Projects!$G$5:$G$204,$P59)) | H59: =IF(OR($P59=0,$G$21=0),"",G59/$G$21) | P59: =IF(LARGE(Projects!$I$5:$I$204,17)<=0,0,MATCH(LARGE(Projects!$I$5:$I$204,17),Projects!$I$5:$I$204,0)) -> 0
B60: =IF($P60=0,"",INDEX(Projects!$B$5:$B$204,$P60)) | C60: =IF($P60=0,"",INDEX(Projects!$C$5:$C$204,$P60)) | D60: =IF($P60=0,"",INDEX(Projects!$D$5:$D$204,$P60)) | E60: =IF($P60=0,"",INDEX(Projects!$E$5:$E$204,$P60)) | F60: =IF($P60=0,"",INDEX(Projects!$F$5:$F$204,$P60)) | G60: =IF($P60=0,"",INDEX(Projects!$G$5:$G$204,$P60)) | H60: =IF(OR($P60=0,$G$21=0),"",G60/$G$21) | P60: =IF(LARGE(Projects!$I$5:$I$204,18)<=0,0,MATCH(LARGE(Projects!$I$5:$I$204,18),Projects!$I$5:$I$204,0)) -> 0
B61: =IF($P61=0,"",INDEX(Projects!$B$5:$B$204,$P61)) | C61: =IF($P61=0,"",INDEX(Projects!$C$5:$C$204,$P61)) | D61: =IF($P61=0,"",INDEX(Projects!$D$5:$D$204,$P61)) | E61: =IF($P61=0,"",INDEX(Projects!$E$5:$E$204,$P61)) | F61: =IF($P61=0,"",INDEX(Projects!$F$5:$F$204,$P61)) | G61: =IF($P61=0,"",INDEX(Projects!$G$5:$G$204,$P61)) | H61: =IF(OR($P61=0,$G$21=0),"",G61/$G$21) | P61: =IF(LARGE(Projects!$I$5:$I$204,19)<=0,0,MATCH(LARGE(Projects!$I$5:$I$204,19),Projects!$I$5:$I$204,0)) -> 0
B62: =IF($P62=0,"",INDEX(Projects!$B$5:$B$204,$P62)) | C62: =IF($P62=0,"",INDEX(Projects!$C$5:$C$204,$P62)) | D62: =IF($P62=0,"",INDEX(Projects!$D$5:$D$204,$P62)) | E62: =IF($P62=0,"",INDEX(Projects!$E$5:$E$204,$P62)) | F62: =IF($P62=0,"",INDEX(Projects!$F$5:$F$204,$P62)) | G62: =IF($P62=0,"",INDEX(Projects!$G$5:$G$204,$P62)) | H62: =IF(OR($P62=0,$G$21=0),"",G62/$G$21) | P62: =IF(LARGE(Projects!$I$5:$I$204,20)<=0,0,MATCH(LARGE(Projects!$I$5:$I$204,20),Projects!$I$5:$I$204,0)) -> 0

Sheet January
B1: January 2026 | AC1: Helpers
B2: Add one row per task in the Entry log. Everything on the right updates automatically. | AC2: 46023
B3: ENTRY LOG | L3: MONTH SUMMARY | AC3: 46053
L4: Total hours | M4: =IF(OHSystem="NTIME","NTIME (incl. overhead)","NTIME") -> NTIME | N4: =IF(OHSystem="P6","P6 (incl. overhead)","P6") -> P6 | O4: Overhead | P4: Overtime | Q4: Utilisation | R4: Days logged | S4: Days not logged | AC4: =AC2-MOD(WEEKDAY(AC2,2)-WeekStartNum,7) -> 46020
L5: =SUM($T$58:$T$88) -> 0 | M5: =SUM($P$58:$P$88)+IF(OHSystem="NTIME",SUM($R$58:$R$88),0) -> 0 | N5: =SUM($Q$58:$Q$88)+IF(OHSystem="P6",SUM($R$58:$R$88),0) -> 0 | O5: =SUM($R$58:$R$88) -> 0 | P5: =SUM($S$58:$S$88) -> 0 | Q5: =IF(L5=0,"-",(SUM($P$58:$P$88)+SUM($Q$58:$Q$88))/L5) -> - | R5: =SUMPRODUCT(($N$58:$N$88="Working")*(($P$58:$P$88+$Q$58:$Q$88)>0))+COUNTIF($N$58:$N$88,"Overhead only") -> 0 | S5: =COUNTIF($U$58:$U$88,"Not logged") -> 22
B6: Date | C6: Day | D6: Project Name | E6: Project Number | F6: Oracle Code | G6: Task Description | H6: System | I6: Hours | J6: Check
C7: =IF(B7="","",TEXT(B7,"ddd")) | E7: =IF(D7="","",IFERROR(INDEX(ProjNumbers,MATCH(D7,ProjNames,0)),"")) | F7: =IF(D7="","",IFERROR(INDEX(ProjCodes,MATCH(D7,ProjNames,0)),"")) | J7: =IF(COUNTA(B7,D7,G7,H7,I7)=0,"",IF(B7="","Enter date",IF(OR(B7<$AC$2,B7>$AC$3),"Date not in January",IF(D7="","Pick project",IF(ISNA(MATCH(D7,ProjNames,0)),"Project not in list",IF(G7="","Add task description",IF(H7="","Pick NTIME or P6",IF(N(I7)<=0,"Enter hours",IF(AND(AllowOT<>"Yes",SUMIF($B$7:$B$256,B7,$I$7:$I$256)>INDEX($O$58:$O$88,DAY(B7))),"Day over "&INDEX($O$58:$O$88,DAY(B7))&" h","✓"))))))))) | W7: =IF(Projects!B5="","",Projects!B5) -> Project A | X7: =IF(W7="",0,SUMIFS($I$7:$I$256,$D$7:$D$256,W7,$H$7:$H$256,"NTIME")) -> 0 | Y7: =IF(W7="",0,SUMIFS($I$7:$I$256,$D$7:$D$256,W7,$H$7:$H$256,"P6")) -> 0 | Z7: =X7+Y7 -> 0 | AA7: =IF(Z7>0,Z7+(201-1)/10^6,0) -> 0
C8: =IF(B8="","",TEXT(B8,"ddd")) | E8: =IF(D8="","",IFERROR(INDEX(ProjNumbers,MATCH(D8,ProjNames,0)),"")) | F8: =IF(D8="","",IFERROR(INDEX(ProjCodes,MATCH(D8,ProjNames,0)),"")) | J8: =IF(COUNTA(B8,D8,G8,H8,I8)=0,"",IF(B8="","Enter date",IF(OR(B8<$AC$2,B8>$AC$3),"Date not in January",IF(D8="","Pick project",IF(ISNA(MATCH(D8,ProjNames,0)),"Project not in list",IF(G8="","Add task description",IF(H8="","Pick NTIME or P6",IF(N(I8)<=0,"Enter hours",IF(AND(AllowOT<>"Yes",SUMIF($B$7:$B$256,B8,$I$7:$I$256)>INDEX($O$58:$O$88,DAY(B8))),"Day over "&INDEX($O$58:$O$88,DAY(B8))&" h","✓"))))))))) | L8: WEEKLY SUMMARY | W8: =IF(Projects!B6="","",Projects!B6) | X8: =IF(W8="",0,SUMIFS($I$7:$I$256,$D$7:$D$256,W8,$H$7:$H$256,"NTIME")) -> 0 | Y8: =IF(W8="",0,SUMIFS($I$7:$I$256,$D$7:$D$256,W8,$H$7:$H$256,"P6")) -> 0 | Z8: =X8+Y8 -> 0 | AA8: =IF(Z8>0,Z8+(201-2)/10^6,0) -> 0
C9: =IF(B9="","",TEXT(B9,"ddd")) | E9: =IF(D9="","",IFERROR(INDEX(ProjNumbers,MATCH(D9,ProjNames,0)),"")) | F9: =IF(D9="","",IFERROR(INDEX(ProjCodes,MATCH(D9,ProjNames,0)),"")) | J9: =IF(COUNTA(B9,D9,G9,H9,I9)=0,"",IF(B9="","Enter date",IF(OR(B9<$AC$2,B9>$AC$3),"Date not in January",IF(D9="","Pick project",IF(ISNA(MATCH(D9,ProjNames,0)),"Project not in list",IF(G9="","Add task description",IF(H9="","Pick NTIME or P6",IF(N(I9)<=0,"Enter hours",IF(AND(AllowOT<>"Yes",SUMIF($B$7:$B$256,B9,$I$7:$I$256)>INDEX($O$58:$O$88,DAY(B9))),"Day over "&INDEX($O$58:$O$88,DAY(B9))&" h","✓"))))))))) | L9: Week | M9: From | N9: To | O9: NTIME | P9: P6 | Q9: Overhead | R9: Overtime | S9: Total | W9: =IF(Projects!B7="","",Projects!B7) | X9: =IF(W9="",0,SUMIFS($I$7:$I$256,$D$7:$D$256,W9,$H$7:$H$256,"NTIME")) -> 0 | Y9: =IF(W9="",0,SUMIFS($I$7:$I$256,$D$7:$D$256,W9,$H$7:$H$256,"P6")) -> 0 | Z9: =X9+Y9 -> 0 | AA9: =IF(Z9>0,Z9+(201-3)/10^6,0) -> 0 | AF9: NTIME | AG9: P6 | AH9: Overhead
C10: =IF(B10="","",TEXT(B10,"ddd")) | E10: =IF(D10="","",IFERROR(INDEX(ProjNumbers,MATCH(D10,ProjNames,0)),"")) | F10: =IF(D10="","",IFERROR(INDEX(ProjCodes,MATCH(D10,ProjNames,0)),"")) | J10: =IF(COUNTA(B10,D10,G10,H10,I10)=0,"",IF(B10="","Enter date",IF(OR(B10<$AC$2,B10>$AC$3),"Date not in January",IF(D10="","Pick project",IF(ISNA(MATCH(D10,ProjNames,0)),"Project not in list",IF(G10="","Add task description",IF(H10="","Pick NTIME or P6",IF(N(I10)<=0,"Enter hours",IF(AND(AllowOT<>"Yes",SUMIF($B$7:$B$256,B10,$I$7:$I$256)>INDEX($O$58:$O$88,DAY(B10))),"Day over "&INDEX($O$58:$O$88,DAY(B10))&" h","✓"))))))))) | L10: ="Week 1"&IF(M10="",""," ("&DAY(M10)&"–"&DAY(N10)&")") -> Week 1 (1–4) | M10: =IF($AC$4+7*0>$AC$3,"",MAX($AC$2,$AC$4+7*0)) -> 46023 | N10: =IF(M10="","",MIN($AC$3,$AC$4+7*1-1)) -> 46026 | O10: =IF($M10="","",AF10+IF(OHSystem="NTIME",AH10,0)) -> 0 | P10: =IF($M10="","",AG10+IF(OHSystem="P6",AH10,0)) -> 0 | Q10: =IF($M10="","",AH10) -> 0 | R10: =IF($M10="","",SUMIFS($S$58:$S$88,$L$58:$L$88,">="&$M10,$L$58:$L$88,"<="&$N10)) -> 0 | S10: =IF($M10="","",SUMIFS($T$58:$T$88,$L$58:$L$88,">="&$M10,$L$58:$L$88,"<="&$N10)) -> 0 | W10: =IF(Projects!B8="","",Projects!B8) | X10: =IF(W10="",0,SUMIFS($I$7:$I$256,$D$7:$D$256,W10,$H$7:$H$256,"NTIME")) -> 0 | Y10: =IF(W10="",0,SUMIFS($I$7:$I$256,$D$7:$D$256,W10,$H$7:$H$256,"P6")) -> 0 | Z10: =X10+Y10 -> 0 | AA10: =IF(Z10>0,Z10+(201-4)/10^6,0) -> 0 | AF10: =IF($M10="",0,SUMIFS($P$58:$P$88,$L$58:$L$88,">="&$M10,$L$58:$L$88,"<="&$N10)) -> 0 | AG10: =IF($M10="",0,SUMIFS($Q$58:$Q$88,$L$58:$L$88,">="&$M10,$L$58:$L$88,"<="&$N10)) -> 0 | AH10: =IF($M10="",0,SUMIFS($R$58:$R$88,$L$58:$L$88,">="&$M10,$L$58:$L$88,"<="&$N10)) -> 0
C11: =IF(B11="","",TEXT(B11,"ddd")) | E11: =IF(D11="","",IFERROR(INDEX(ProjNumbers,MATCH(D11,ProjNames,0)),"")) | F11: =IF(D11="","",IFERROR(INDEX(ProjCodes,MATCH(D11,ProjNames,0)),"")) | J11: =IF(COUNTA(B11,D11,G11,H11,I11)=0,"",IF(B11="","Enter date",IF(OR(B11<$AC$2,B11>$AC$3),"Date not in January",IF(D11="","Pick project",IF(ISNA(MATCH(D11,ProjNames,0)),"Project not in list",IF(G11="","Add task description",IF(H11="","Pick NTIME or P6",IF(N(I11)<=0,"Enter hours",IF(AND(AllowOT<>"Yes",SUMIF($B$7:$B$256,B11,$I$7:$I$256)>INDEX($O$58:$O$88,DAY(B11))),"Day over "&INDEX($O$58:$O$88,DAY(B11))&" h","✓"))))))))) | L11: ="Week 2"&IF(M11="",""," ("&DAY(M11)&"–"&DAY(N11)&")") -> Week 2 (5–11) | M11: =IF($AC$4+7*1>$AC$3,"",MAX($AC$2,$AC$4+7*1)) -> 46027 | N11: =IF(M11="","",MIN($AC$3,$AC$4+7*2-1)) -> 46033 | O11: =IF($M11="","",AF11+IF(OHSystem="NTIME",AH11,0)) -> 0 | P11: =IF($M11="","",AG11+IF(OHSystem="P6",AH11,0)) -> 0 | Q11: =IF($M11="","",AH11) -> 0 | R11: =IF($M11="","",SUMIFS($S$58:$S$88,$L$58:$L$88,">="&$M11,$L$58:$L$88,"<="&$N11)) -> 0 | S11: =IF($M11="","",SUMIFS($T$58:$T$88,$L$58:$L$88,">="&$M11,$L$58:$L$88,"<="&$N11)) -> 0 | W11: =IF(Projects!B9="","",Projects!B9) | X11: =IF(W11="",0,SUMIFS($I$7:$I$256,$D$7:$D$256,W11,$H$7:$H$256,"NTIME")) -> 0 | Y11: =IF(W11="",0,SUMIFS($I$7:$I$256,$D$7:$D$256,W11,$H$7:$H$256,"P6")) -> 0 | Z11: =X11+Y11 -> 0 | AA11: =IF(Z11>0,Z11+(201-5)/10^6,0) -> 0 | AF11: =IF($M11="",0,SUMIFS($P$58:$P$88,$L$58:$L$88,">="&$M11,$L$58:$L$88,"<="&$N11)) -> 0 | AG11: =IF($M11="",0,SUMIFS($Q$58:$Q$88,$L$58:$L$88,">="&$M11,$L$58:$L$88,"<="&$N11)) -> 0 | AH11: =IF($M11="",0,SUMIFS($R$58:$R$88,$L$58:$L$88,">="&$M11,$L$58:$L$88,"<="&$N11)) -> 0
C12: =IF(B12="","",TEXT(B12,"ddd")) | E12: =IF(D12="","",IFERROR(INDEX(ProjNumbers,MATCH(D12,ProjNames,0)),"")) | F12: =IF(D12="","",IFERROR(INDEX(ProjCodes,MATCH(D12,ProjNames,0)),"")) | J12: =IF(COUNTA(B12,D12,G12,H12,I12)=0,"",IF(B12="","Enter date",IF(OR(B12<$AC$2,B12>$AC$3),"Date not in January",IF(D12="","Pick project",IF(ISNA(MATCH(D12,ProjNames,0)),"Project not in list",IF(G12="","Add task description",IF(H12="","Pick NTIME or P6",IF(N(I12)<=0,"Enter hours",IF(AND(AllowOT<>"Yes",SUMIF($B$7:$B$256,B12,$I$7:$I$256)>INDEX($O$58:$O$88,DAY(B12))),"Day over "&INDEX($O$58:$O$88,DAY(B12))&" h","✓"))))))))) | L12: ="Week 3"&IF(M12="",""," ("&DAY(M12)&"–"&DAY(N12)&")") -> Week 3 (12–18) | M12: =IF($AC$4+7*2>$AC$3,"",MAX($AC$2,$AC$4+7*2)) -> 46034 | N12: =IF(M12="","",MIN($AC$3,$AC$4+7*3-1)) -> 46040 | O12: =IF($M12="","",AF12+IF(OHSystem="NTIME",AH12,0)) -> 0 | P12: =IF($M12="","",AG12+IF(OHSystem="P6",AH12,0)) -> 0 | Q12: =IF($M12="","",AH12) -> 0 | R12: =IF($M12="","",SUMIFS($S$58:$S$88,$L$58:$L$88,">="&$M12,$L$58:$L$88,"<="&$N12)) -> 0 | S12: =IF($M12="","",SUMIFS($T$58:$T$88,$L$58:$L$88,">="&$M12,$L$58:$L$88,"<="&$N12)) -> 0 | W12: =IF(Projects!B10="","",Projects!B10) | X12: =IF(W12="",0,SUMIFS($I$7:$I$256,$D$7:$D$256,W12,$H$7:$H$256,"NTIME")) -> 0 | Y12: =IF(W12="",0,SUMIFS($I$7:$I$256,$D$7:$D$256,W12,$H$7:$H$256,"P6")) -> 0 | Z12: =X12+Y12 -> 0 | AA12: =IF(Z12>0,Z12+(201-6)/10^6,0) -> 0 | AF12: =IF($M12="",0,SUMIFS($P$58:$P$88,$L$58:$L$88,">="&$M12,$L$58:$L$88,"<="&$N12)) -> 0 | AG12: =IF($M12="",0,SUMIFS($Q$58:$Q$88,$L$58:$L$88,">="&$M12,$L$58:$L$88,"<="&$N12)) -> 0 | AH12: =IF($M12="",0,SUMIFS($R$58:$R$88,$L$58:$L$88,">="&$M12,$L$58:$L$88,"<="&$N12)) -> 0
C13: =IF(B13="","",TEXT(B13,"ddd")) | E13: =IF(D13="","",IFERROR(INDEX(ProjNumbers,MATCH(D13,ProjNames,0)),"")) | F13: =IF(D13="","",IFERROR(INDEX(ProjCodes,MATCH(D13,ProjNames,0)),"")) | J13: =IF(COUNTA(B13,D13,G13,H13,I13)=0,"",IF(B13="","Enter date",IF(OR(B13<$AC$2,B13>$AC$3),"Date not in January",IF(D13="","Pick project",IF(ISNA(MATCH(D13,ProjNames,0)),"Project not in list",IF(G13="","Add task description",IF(H13="","Pick NTIME or P6",IF(N(I13)<=0,"Enter hours",IF(AND(AllowOT<>"Yes",SUMIF($B$7:$B$256,B13,$I$7:$I$256)>INDEX($O$58:$O$88,DAY(B13))),"Day over "&INDEX($O$58:$O$88,DAY(B13))&" h","✓"))))))))) | L13: ="Week 4"&IF(M13="",""," ("&DAY(M13)&"–"&DAY(N13)&")") -> Week 4 (19–25) | M13: =IF($AC$4+7*3>$AC$3,"",MAX($AC$2,$AC$4+7*3)) -> 46041 | N13: =IF(M13="","",MIN($AC$3,$AC$4+7*4-1)) -> 46047 | O13: =IF($M13="","",AF13+IF(OHSystem="NTIME",AH13,0)) -> 0 | P13: =IF($M13="","",AG13+IF(OHSystem="P6",AH13,0)) -> 0 | Q13: =IF($M13="","",AH13) -> 0 | R13: =IF($M13="","",SUMIFS($S$58:$S$88,$L$58:$L$88,">="&$M13,$L$58:$L$88,"<="&$N13)) -> 0 | S13: =IF($M13="","",SUMIFS($T$58:$T$88,$L$58:$L$88,">="&$M13,$L$58:$L$88,"<="&$N13)) -> 0 | W13: =IF(Projects!B11="","",Projects!B11) | X13: =IF(W13="",0,SUMIFS($I$7:$I$256,$D$7:$D$256,W13,$H$7:$H$256,"NTIME")) -> 0 | Y13: =IF(W13="",0,SUMIFS($I$7:$I$256,$D$7:$D$256,W13,$H$7:$H$256,"P6")) -> 0 | Z13: =X13+Y13 -> 0 | AA13: =IF(Z13>0,Z13+(201-7)/10^6,0) -> 0 | AF13: =IF($M13="",0,SUMIFS($P$58:$P$88,$L$58:$L$88,">="&$M13,$L$58:$L$88,"<="&$N13)) -> 0 | AG13: =IF($M13="",0,SUMIFS($Q$58:$Q$88,$L$58:$L$88,">="&$M13,$L$58:$L$88,"<="&$N13)) -> 0 | AH13: =IF($M13="",0,SUMIFS($R$58:$R$88,$L$58:$L$88,">="&$M13,$L$58:$L$88,"<="&$N13)) -> 0
C14: =IF(B14="","",TEXT(B14,"ddd")) | E14: =IF(D14="","",IFERROR(INDEX(ProjNumbers,MATCH(D14,ProjNames,0)),"")) | F14: =IF(D14="","",IFERROR(INDEX(ProjCodes,MATCH(D14,ProjNames,0)),"")) | J14: =IF(COUNTA(B14,D14,G14,H14,I14)=0,"",IF(B14="","Enter date",IF(OR(B14<$AC$2,B14>$AC$3),"Date not in January",IF(D14="","Pick project",IF(ISNA(MATCH(D14,ProjNames,0)),"Project not in list",IF(G14="","Add task description",IF(H14="","Pick NTIME or P6",IF(N(I14)<=0,"Enter hours",IF(AND(AllowOT<>"Yes",SUMIF($B$7:$B$256,B14,$I$7:$I$256)>INDEX($O$58:$O$88,DAY(B14))),"Day over "&INDEX($O$58:$O$88,DAY(B14))&" h","✓"))))))))) | L14: ="Week 5"&IF(M14="",""," ("&DAY(M14)&"–"&DAY(N14)&")") -> Week 5 (26–31) | M14: =IF($AC$4+7*4>$AC$3,"",MAX($AC$2,$AC$4+7*4)) -> 46048 | N14: =IF(M14="","",MIN($AC$3,$AC$4+7*5-1)) -> 46053 | O14: =IF($M14="","",AF14+IF(OHSystem="NTIME",AH14,0)) -> 0 | P14: =IF($M14="","",AG14+IF(OHSystem="P6",AH14,0)) -> 0 | Q14: =IF($M14="","",AH14) -> 0 | R14: =IF($M14="","",SUMIFS($S$58:$S$88,$L$58:$L$88,">="&$M14,$L$58:$L$88,"<="&$N14)) -> 0 | S14: =IF($M14="","",SUMIFS($T$58:$T$88,$L$58:$L$88,">="&$M14,$L$58:$L$88,"<="&$N14)) -> 0 | W14: =IF(Projects!B12="","",Projects!B12) | X14: =IF(W14="",0,SUMIFS($I$7:$I$256,$D$7:$D$256,W14,$H$7:$H$256,"NTIME")) -> 0 | Y14: =IF(W14="",0,SUMIFS($I$7:$I$256,$D$7:$D$256,W14,$H$7:$H$256,"P6")) -> 0 | Z14: =X14+Y14 -> 0 | AA14: =IF(Z14>0,Z14+(201-8)/10^6,0) -> 0 | AF14: =IF($M14="",0,SUMIFS($P$58:$P$88,$L$58:$L$88,">="&$M14,$L$58:$L$88,"<="&$N14)) -> 0 | AG14: =IF($M14="",0,SUMIFS($Q$58:$Q$88,$L$58:$L$88,">="&$M14,$L$58:$L$88,"<="&$N14)) -> 0 | AH14: =IF($M14="",0,SUMIFS($R$58:$R$88,$L$58:$L$88,">="&$M14,$L$58:$L$88,"<="&$N14)) -> 0
C15: =IF(B15="","",TEXT(B15,"ddd")) | E15: =IF(D15="","",IFERROR(INDEX(ProjNumbers,MATCH(D15,ProjNames,0)),"")) | F15: =IF(D15="","",IFERROR(INDEX(ProjCodes,MATCH(D15,ProjNames,0)),"")) | J15: =IF(COUNTA(B15,D15,G15,H15,I15)=0,"",IF(B15="","Enter date",IF(OR(B15<$AC$2,B15>$AC$3),"Date not in January",IF(D15="","Pick project",IF(ISNA(MATCH(D15,ProjNames,0)),"Project not in list",IF(G15="","Add task description",IF(H15="","Pick NTIME or P6",IF(N(I15)<=0,"Enter hours",IF(AND(AllowOT<>"Yes",SUMIF($B$7:$B$256,B15,$I$7:$I$256)>INDEX($O$58:$O$88,DAY(B15))),"Day over "&INDEX($O$58:$O$88,DAY(B15))&" h","✓"))))))))) | L15: ="Week 6"&IF(M15="",""," ("&DAY(M15)&"–"&DAY(N15)&")") -> Week 6 | M15: =IF($AC$4+7*5>$AC$3,"",MAX($AC$2,$AC$4+7*5)) | N15: =IF(M15="","",MIN($AC$3,$AC$4+7*6-1)) | O15: =IF($M15="","",AF15+IF(OHSystem="NTIME",AH15,0)) | P15: =IF($M15="","",AG15+IF(OHSystem="P6",AH15,0)) | Q15: =IF($M15="","",AH15) | R15: =IF($M15="","",SUMIFS($S$58:$S$88,$L$58:$L$88,">="&$M15,$L$58:$L$88,"<="&$N15)) | S15: =IF($M15="","",SUMIFS($T$58:$T$88,$L$58:$L$88,">="&$M15,$L$58:$L$88,"<="&$N15)) | W15: =IF(Projects!B13="","",Projects!B13) | X15: =IF(W15="",0,SUMIFS($I$7:$I$256,$D$7:$D$256,W15,$H$7:$H$256,"NTIME")) -> 0 | Y15: =IF(W15="",0,SUMIFS($I$7:$I$256,$D$7:$D$256,W15,$H$7:$H$256,"P6")) -> 0 | Z15: =X15+Y15 -> 0 | AA15: =IF(Z15>0,Z15+(201-9)/10^6,0) -> 0 | AF15: =IF($M15="",0,SUMIFS($P$58:$P$88,$L$58:$L$88,">="&$M15,$L$58:$L$88,"<="&$N15)) -> 0 | AG15: =IF($M15="",0,SUMIFS($Q$58:$Q$88,$L$58:$L$88,">="&$M15,$L$58:$L$88,"<="&$N15)) -> 0 | AH15: =IF($M15="",0,SUMIFS($R$58:$R$88,$L$58:$L$88,">="&$M15,$L$58:$L$88,"<="&$N15)) -> 0
C16: =IF(B16="","",TEXT(B16,"ddd")) | E16: =IF(D16="","",IFERROR(INDEX(ProjNumbers,MATCH(D16,ProjNames,0)),"")) | F16: =IF(D16="","",IFERROR(INDEX(ProjCodes,MATCH(D16,ProjNames,0)),"")) | J16: =IF(COUNTA(B16,D16,G16,H16,I16)=0,"",IF(B16="","Enter date",IF(OR(B16<$AC$2,B16>$AC$3),"Date not in January",IF(D16="","Pick project",IF(ISNA(MATCH(D16,ProjNames,0)),"Project not in list",IF(G16="","Add task description",IF(H16="","Pick NTIME or P6",IF(N(I16)<=0,"Enter hours",IF(AND(AllowOT<>"Yes",SUMIF($B$7:$B$256,B16,$I$7:$I$256)>INDEX($O$58:$O$88,DAY(B16))),"Day over "&INDEX($O$58:$O$88,DAY(B16))&" h","✓"))))))))) | L16: Month total | O16: =SUM(O10:O15) -> 0 | P16: =SUM(P10:P15) -> 0 | Q16: =SUM(Q10:Q15) -> 0 | R16: =SUM(R10:R15) -> 0 | S16: =SUM(S10:S15) -> 0 | W16: =IF(Projects!B14="","",Projects!B14) | X16: =IF(W16="",0,SUMIFS($I$7:$I$256,$D$7:$D$256,W16,$H$7:$H$256,"NTIME")) -> 0 | Y16: =IF(W16="",0,SUMIFS($I$7:$I$256,$D$7:$D$256,W16,$H$7:$H$256,"P6")) -> 0 | Z16: =X16+Y16 -> 0 | AA16: =IF(Z16>0,Z16+(201-10)/10^6,0) -> 0 | AF16: =SUM(AF10:AF15) -> 0 | AG16: =SUM(AG10:AG15) -> 0 | AH16: =SUM(AH10:AH15) -> 0
C17: =IF(B17="","",TEXT(B17,"ddd")) | E17: =IF(D17="","",IFERROR(INDEX(ProjNumbers,MATCH(D17,ProjNames,0)),"")) | F17: =IF(D17="","",IFERROR(INDEX(ProjCodes,MATCH(D17,ProjNames,0)),"")) | J17: =IF(COUNTA(B17,D17,G17,H17,I17)=0,"",IF(B17="","Enter date",IF(OR(B17<$AC$2,B17>$AC$3),"Date not in January",IF(D17="","Pick project",IF(ISNA(MATCH(D17,ProjNames,0)),"Project not in list",IF(G17="","Add task description",IF(H17="","Pick NTIME or P6",IF(N(I17)<=0,"Enter hours",IF(AND(AllowOT<>"Yes",SUMIF($B$7:$B$256,B17,$I$7:$I$256)>INDEX($O$58:$O$88,DAY(B17))),"Day over "&INDEX($O$58:$O$88,DAY(B17))&" h","✓"))))))))) | W17: =IF(Projects!B15="","",Projects!B15) | X17: =IF(W17="",0,SUMIFS($I$7:$I$256,$D$7:$D$256,W17,$H$7:$H$256,"NTIME")) -> 0 | Y17: =IF(W17="",0,SUMIFS($I$7:$I$256,$D$7:$D$256,W17,$H$7:$H$256,"P6")) -> 0 | Z17: =X17+Y17 -> 0 | AA17: =IF(Z17>0,Z17+(201-11)/10^6,0) -> 0
C18: =IF(B18="","",TEXT(B18,"ddd")) | E18: =IF(D18="","",IFERROR(INDEX(ProjNumbers,MATCH(D18,ProjNames,0)),"")) | F18: =IF(D18="","",IFERROR(INDEX(ProjCodes,MATCH(D18,ProjNames,0)),"")) | J18: =IF(COUNTA(B18,D18,G18,H18,I18)=0,"",IF(B18="","Enter date",IF(OR(B18<$AC$2,B18>$AC$3),"Date not in January",IF(D18="","Pick project",IF(ISNA(MATCH(D18,ProjNames,0)),"Project not in list",IF(G18="","Add task description",IF(H18="","Pick NTIME or P6",IF(N(I18)<=0,"Enter hours",IF(AND(AllowOT<>"Yes",SUMIF($B$7:$B$256,B18,$I$7:$I$256)>INDEX($O$58:$O$88,DAY(B18))),"Day over "&INDEX($O$58:$O$88,DAY(B18))&" h","✓"))))))))) | W18: =IF(Projects!B16="","",Projects!B16) | X18: =IF(W18="",0,SUMIFS($I$7:$I$256,$D$7:$D$256,W18,$H$7:$H$256,"NTIME")) -> 0 | Y18: =IF(W18="",0,SUMIFS($I$7:$I$256,$D$7:$D$256,W18,$H$7:$H$256,"P6")) -> 0 | Z18: =X18+Y18 -> 0 | AA18: =IF(Z18>0,Z18+(201-12)/10^6,0) -> 0
C19: =IF(B19="","",TEXT(B19,"ddd")) | E19: =IF(D19="","",IFERROR(INDEX(ProjNumbers,MATCH(D19,ProjNames,0)),"")) | F19: =IF(D19="","",IFERROR(INDEX(ProjCodes,MATCH(D19,ProjNames,0)),"")) | J19: =IF(COUNTA(B19,D19,G19,H19,I19)=0,"",IF(B19="","Enter date",IF(OR(B19<$AC$2,B19>$AC$3),"Date not in January",IF(D19="","Pick project",IF(ISNA(MATCH(D19,ProjNames,0)),"Project not in list",IF(G19="","Add task description",IF(H19="","Pick NTIME or P6",IF(N(I19)<=0,"Enter hours",IF(AND(AllowOT<>"Yes",SUMIF($B$7:$B$256,B19,$I$7:$I$256)>INDEX($O$58:$O$88,DAY(B19))),"Day over "&INDEX($O$58:$O$88,DAY(B19))&" h","✓"))))))))) | W19: =IF(Projects!B17="","",Projects!B17) | X19: =IF(W19="",0,SUMIFS($I$7:$I$256,$D$7:$D$256,W19,$H$7:$H$256,"NTIME")) -> 0 | Y19: =IF(W19="",0,SUMIFS($I$7:$I$256,$D$7:$D$256,W19,$H$7:$H$256,"P6")) -> 0 | Z19: =X19+Y19 -> 0 | AA19: =IF(Z19>0,Z19+(201-13)/10^6,0) -> 0
C20: =IF(B20="","",TEXT(B20,"ddd")) | E20: =IF(D20="","",IFERROR(INDEX(ProjNumbers,MATCH(D20,ProjNames,0)),"")) | F20: =IF(D20="","",IFERROR(INDEX(ProjCodes,MATCH(D20,ProjNames,0)),"")) | J20: =IF(COUNTA(B20,D20,G20,H20,I20)=0,"",IF(B20="","Enter date",IF(OR(B20<$AC$2,B20>$AC$3),"Date not in January",IF(D20="","Pick project",IF(ISNA(MATCH(D20,ProjNames,0)),"Project not in list",IF(G20="","Add task description",IF(H20="","Pick NTIME or P6",IF(N(I20)<=0,"Enter hours",IF(AND(AllowOT<>"Yes",SUMIF($B$7:$B$256,B20,$I$7:$I$256)>INDEX($O$58:$O$88,DAY(B20))),"Day over "&INDEX($O$58:$O$88,DAY(B20))&" h","✓"))))))))) | W20: =IF(Projects!B18="","",Projects!B18) | X20: =IF(W20="",0,SUMIFS($I$7:$I$256,$D$7:$D$256,W20,$H$7:$H$256,"NTIME")) -> 0 | Y20: =IF(W20="",0,SUMIFS($I$7:$I$256,$D$7:$D$256,W20,$H$7:$H$256,"P6")) -> 0 | Z20: =X20+Y20 -> 0 | AA20: =IF(Z20>0,Z20+(201-14)/10^6,0) -> 0
C21: =IF(B21="","",TEXT(B21,"ddd")) | E21: =IF(D21="","",IFERROR(INDEX(ProjNumbers,MATCH(D21,ProjNames,0)),"")) | F21: =IF(D21="","",IFERROR(INDEX(ProjCodes,MATCH(D21,ProjNames,0)),"")) | J21: =IF(COUNTA(B21,D21,G21,H21,I21)=0,"",IF(B21="","Enter date",IF(OR(B21<$AC$2,B21>$AC$3),"Date not in January",IF(D21="","Pick project",IF(ISNA(MATCH(D21,ProjNames,0)),"Project not in list",IF(G21="","Add task description",IF(H21="","Pick NTIME or P6",IF(N(I21)<=0,"Enter hours",IF(AND(AllowOT<>"Yes",SUMIF($B$7:$B$256,B21,$I$7:$I$256)>INDEX($O$58:$O$88,DAY(B21))),"Day over "&INDEX($O$58:$O$88,DAY(B21))&" h","✓"))))))))) | W21: =IF(Projects!B19="","",Projects!B19) | X21: =IF(W21="",0,SUMIFS($I$7:$I$256,$D$7:$D$256,W21,$H$7:$H$256,"NTIME")) -> 0 | Y21: =IF(W21="",0,SUMIFS($I$7:$I$256,$D$7:$D$256,W21,$H$7:$H$256,"P6")) -> 0 | Z21: =X21+Y21 -> 0 | AA21: =IF(Z21>0,Z21+(201-15)/10^6,0) -> 0
C22: =IF(B22="","",TEXT(B22,"ddd")) | E22: =IF(D22="","",IFERROR(INDEX(ProjNumbers,MATCH(D22,ProjNames,0)),"")) | F22: =IF(D22="","",IFERROR(INDEX(ProjCodes,MATCH(D22,ProjNames,0)),"")) | J22: =IF(COUNTA(B22,D22,G22,H22,I22)=0,"",IF(B22="","Enter date",IF(OR(B22<$AC$2,B22>$AC$3),"Date not in January",IF(D22="","Pick project",IF(ISNA(MATCH(D22,ProjNames,0)),"Project not in list",IF(G22="","Add task description",IF(H22="","Pick NTIME or P6",IF(N(I22)<=0,"Enter hours",IF(AND(AllowOT<>"Yes",SUMIF($B$7:$B$256,B22,$I$7:$I$256)>INDEX($O$58:$O$88,DAY(B22))),"Day over "&INDEX($O$58:$O$88,DAY(B22))&" h","✓"))))))))) | W22: =IF(Projects!B20="","",Projects!B20) | X22: =IF(W22="",0,SUMIFS($I$7:$I$256,$D$7:$D$256,W22,$H$7:$H$256,"NTIME")) -> 0 | Y22: =IF(W22="",0,SUMIFS($I$7:$I$256,$D$7:$D$256,W22,$H$7:$H$256,"P6")) -> 0 | Z22: =X22+Y22 -> 0 | AA22: =IF(Z22>0,Z22+(201-16)/10^6,0) -> 0
C23: =IF(B23="","",TEXT(B23,"ddd")) | E23: =IF(D23="","",IFERROR(INDEX(ProjNumbers,MATCH(D23,ProjNames,0)),"")) | F23: =IF(D23="","",IFERROR(INDEX(ProjCodes,MATCH(D23,ProjNames,0)),"")) | J23: =IF(COUNTA(B23,D23,G23,H23,I23)=0,"",IF(B23="","Enter date",IF(OR(B23<$AC$2,B23>$AC$3),"Date not in January",IF(D23="","Pick project",IF(ISNA(MATCH(D23,ProjNames,0)),"Project not in list",IF(G23="","Add task description",IF(H23="","Pick NTIME or P6",IF(N(I23)<=0,"Enter hours",IF(AND(AllowOT<>"Yes",SUMIF($B$7:$B$256,B23,$I$7:$I$256)>INDEX($O$58:$O$88,DAY(B23))),"Day over "&INDEX($O$58:$O$88,DAY(B23))&" h","✓"))))))))) | W23: =IF(Projects!B21="","",Projects!B21) | X23: =IF(W23="",0,SUMIFS($I$7:$I$256,$D$7:$D$256,W23,$H$7:$H$256,"NTIME")) -> 0 | Y23: =IF(W23="",0,SUMIFS($I$7:$I$256,$D$7:$D$256,W23,$H$7:$H$256,"P6")) -> 0 | Z23: =X23+Y23 -> 0 | AA23: =IF(Z23>0,Z23+(201-17)/10^6,0) -> 0
C24: =IF(B24="","",TEXT(B24,"ddd")) | E24: =IF(D24="","",IFERROR(INDEX(ProjNumbers,MATCH(D24,ProjNames,0)),"")) | F24: =IF(D24="","",IFERROR(INDEX(ProjCodes,MATCH(D24,ProjNames,0)),"")) | J24: =IF(COUNTA(B24,D24,G24,H24,I24)=0,"",IF(B24="","Enter date",IF(OR(B24<$AC$2,B24>$AC$3),"Date not in January",IF(D24="","Pick project",IF(ISNA(MATCH(D24,ProjNames,0)),"Project not in list",IF(G24="","Add task description",IF(H24="","Pick NTIME or P6",IF(N(I24)<=0,"Enter hours",IF(AND(AllowOT<>"Yes",SUMIF($B$7:$B$256,B24,$I$7:$I$256)>INDEX($O$58:$O$88,DAY(B24))),"Day over "&INDEX($O$58:$O$88,DAY(B24))&" h","✓"))))))))) | W24: =IF(Projects!B22="","",Projects!B22) | X24: =IF(W24="",0,SUMIFS($I$7:$I$256,$D$7:$D$256,W24,$H$7:$H$256,"NTIME")) -> 0 | Y24: =IF(W24="",0,SUMIFS($I$7:$I$256,$D$7:$D$256,W24,$H$7:$H$256,"P6")) -> 0 | Z24: =X24+Y24 -> 0 | AA24: =IF(Z24>0,Z24+(201-18)/10^6,0) -> 0
C25: =IF(B25="","",TEXT(B25,"ddd")) | E25: =IF(D25="","",IFERROR(INDEX(ProjNumbers,MATCH(D25,ProjNames,0)),"")) | F25: =IF(D25="","",IFERROR(INDEX(ProjCodes,MATCH(D25,ProjNames,0)),"")) | J25: =IF(COUNTA(B25,D25,G25,H25,I25)=0,"",IF(B25="","Enter date",IF(OR(B25<$AC$2,B25>$AC$3),"Date not in January",IF(D25="","Pick project",IF(ISNA(MATCH(D25,ProjNames,0)),"Project not in list",IF(G25="","Add task description",IF(H25="","Pick NTIME or P6",IF(N(I25)<=0,"Enter hours",IF(AND(AllowOT<>"Yes",SUMIF($B$7:$B$256,B25,$I$7:$I$256)>INDEX($O$58:$O$88,DAY(B25))),"Day over "&INDEX($O$58:$O$88,DAY(B25))&" h","✓"))))))))) | W25: =IF(Projects!B23="","",Projects!B23) | X25: =IF(W25="",0,SUMIFS($I$7:$I$256,$D$7:$D$256,W25,$H$7:$H$256,"NTIME")) -> 0 | Y25: =IF(W25="",0,SUMIFS($I$7:$I$256,$D$7:$D$256,W25,$H$7:$H$256,"P6")) -> 0 | Z25: =X25+Y25 -> 0 | AA25: =IF(Z25>0,Z25+(201-19)/10^6,0) -> 0
C26: =IF(B26="","",TEXT(B26,"ddd")) | E26: =IF(D26="","",IFERROR(INDEX(ProjNumbers,MATCH(D26,ProjNames,0)),"")) | F26: =IF(D26="","",IFERROR(INDEX(ProjCodes,MATCH(D26,ProjNames,0)),"")) | J26: =IF(COUNTA(B26,D26,G26,H26,I26)=0,"",IF(B26="","Enter date",IF(OR(B26<$AC$2,B26>$AC$3),"Date not in January",IF(D26="","Pick project",IF(ISNA(MATCH(D26,ProjNames,0)),"Project not in list",IF(G26="","Add task description",IF(H26="","Pick NTIME or P6",IF(N(I26)<=0,"Enter hours",IF(AND(AllowOT<>"Yes",SUMIF($B$7:$B$256,B26,$I$7:$I$256)>INDEX($O$58:$O$88,DAY(B26))),"Day over "&INDEX($O$58:$O$88,DAY(B26))&" h","✓"))))))))) | W26: =IF(Projects!B24="","",Projects!B24) | X26: =IF(W26="",0,SUMIFS($I$7:$I$256,$D$7:$D$256,W26,$H$7:$H$256,"NTIME")) -> 0 | Y26: =IF(W26="",0,SUMIFS($I$7:$I$256,$D$7:$D$256,W26,$H$7:$H$256,"P6")) -> 0 | Z26: =X26+Y26 -> 0 | AA26: =IF(Z26>0,Z26+(201-20)/10^6,0) -> 0
C27: =IF(B27="","",TEXT(B27,"ddd")) | E27: =IF(D27="","",IFERROR(INDEX(ProjNumbers,MATCH(D27,ProjNames,0)),"")) | F27: =IF(D27="","",IFERROR(INDEX(ProjCodes,MATCH(D27,ProjNames,0)),"")) | J27: =IF(COUNTA(B27,D27,G27,H27,I27)=0,"",IF(B27="","Enter date",IF(OR(B27<$AC$2,B27>$AC$3),"Date not in January",IF(D27="","Pick project",IF(ISNA(MATCH(D27,ProjNames,0)),"Project not in list",IF(G27="","Add task description",IF(H27="","Pick NTIME or P6",IF(N(I27)<=0,"Enter hours",IF(AND(AllowOT<>"Yes",SUMIF($B$7:$B$256,B27,$I$7:$I$256)>INDEX($O$58:$O$88,DAY(B27))),"Day over "&INDEX($O$58:$O$88,DAY(B27))&" h","✓"))))))))) | W27: =IF(Projects!B25="","",Projects!B25) | X27: =IF(W27="",0,SUMIFS($I$7:$I$256,$D$7:$D$256,W27,$H$7:$H$256,"NTIME")) -> 0 | Y27: =IF(W27="",0,SUMIFS($I$7:$I$256,$D$7:$D$256,W27,$H$7:$H$256,"P6")) -> 0 | Z27: =X27+Y27 -> 0 | AA27: =IF(Z27>0,Z27+(201-21)/10^6,0) -> 0
C28: =IF(B28="","",TEXT(B28,"ddd")) | E28: =IF(D28="","",IFERROR(INDEX(ProjNumbers,MATCH(D28,ProjNames,0)),"")) | F28: =IF(D28="","",IFERROR(INDEX(ProjCodes,MATCH(D28,ProjNames,0)),"")) | J28: =IF(COUNTA(B28,D28,G28,H28,I28)=0,"",IF(B28="","Enter date",IF(OR(B28<$AC$2,B28>$AC$3),"Date not in January",IF(D28="","Pick project",IF(ISNA(MATCH(D28,ProjNames,0)),"Project not in list",IF(G28="","Add task description",IF(H28="","Pick NTIME or P6",IF(N(I28)<=0,"Enter hours",IF(AND(AllowOT<>"Yes",SUMIF($B$7:$B$256,B28,$I$7:$I$256)>INDEX($O$58:$O$88,DAY(B28))),"Day over "&INDEX($O$58:$O$88,DAY(B28))&" h","✓"))))))))) | W28: =IF(Projects!B26="","",Projects!B26) | X28: =IF(W28="",0,SUMIFS($I$7:$I$256,$D$7:$D$256,W28,$H$7:$H$256,"NTIME")) -> 0 | Y28: =IF(W28="",0,SUMIFS($I$7:$I$256,$D$7:$D$256,W28,$H$7:$H$256,"P6")) -> 0 | Z28: =X28+Y28 -> 0 | AA28: =IF(Z28>0,Z28+(201-22)/10^6,0) -> 0
C29: =IF(B29="","",TEXT(B29,"ddd")) | E29: =IF(D29="","",IFERROR(INDEX(ProjNumbers,MATCH(D29,ProjNames,0)),"")) | F29: =IF(D29="","",IFERROR(INDEX(ProjCodes,MATCH(D29,ProjNames,0)),"")) | J29: =IF(COUNTA(B29,D29,G29,H29,I29)=0,"",IF(B29="","Enter date",IF(OR(B29<$AC$2,B29>$AC$3),"Date not in January",IF(D29="","Pick project",IF(ISNA(MATCH(D29,ProjNames,0)),"Project not in list",IF(G29="","Add task description",IF(H29="","Pick NTIME or P6",IF(N(I29)<=0,"Enter hours",IF(AND(AllowOT<>"Yes",SUMIF($B$7:$B$256,B29,$I$7:$I$256)>INDEX($O$58:$O$88,DAY(B29))),"Day over "&INDEX($O$58:$O$88,DAY(B29))&" h","✓"))))))))) | W29: =IF(Projects!B27="","",Projects!B27) | X29: =IF(W29="",0,SUMIFS($I$7:$I$256,$D$7:$D$256,W29,$H$7:$H$256,"NTIME")) -> 0 | Y29: =IF(W29="",0,SUMIFS($I$7:$I$256,$D$7:$D$256,W29,$H$7:$H$256,"P6")) -> 0 | Z29: =X29+Y29 -> 0 | AA29: =IF(Z29>0,Z29+(201-23)/10^6,0) -> 0
C30: =IF(B30="","",TEXT(B30,"ddd")) | E30: =IF(D30="","",IFERROR(INDEX(ProjNumbers,MATCH(D30,ProjNames,0)),"")) | F30: =IF(D30="","",IFERROR(INDEX(ProjCodes,MATCH(D30,ProjNames,0)),"")) | J30: =IF(COUNTA(B30,D30,G30,H30,I30)=0,"",IF(B30="","Enter date",IF(OR(B30<$AC$2,B30>$AC$3),"Date not in January",IF(D30="","Pick project",IF(ISNA(MATCH(D30,ProjNames,0)),"Project not in list",IF(G30="","Add task description",IF(H30="","Pick NTIME or P6",IF(N(I30)<=0,"Enter hours",IF(AND(AllowOT<>"Yes",SUMIF($B$7:$B$256,B30,$I$7:$I$256)>INDEX($O$58:$O$88,DAY(B30))),"Day over "&INDEX($O$58:$O$88,DAY(B30))&" h","✓"))))))))) | W30: =IF(Projects!B28="","",Projects!B28) | X30: =IF(W30="",0,SUMIFS($I$7:$I$256,$D$7:$D$256,W30,$H$7:$H$256,"NTIME")) -> 0 | Y30: =IF(W30="",0,SUMIFS($I$7:$I$256,$D$7:$D$256,W30,$H$7:$H$256,"P6")) -> 0 | Z30: =X30+Y30 -> 0 | AA30: =IF(Z30>0,Z30+(201-24)/10^6,0) -> 0
C31: =IF(B31="","",TEXT(B31,"ddd")) | E31: =IF(D31="","",IFERROR(INDEX(ProjNumbers,MATCH(D31,ProjNames,0)),"")) | F31: =IF(D31="","",IFERROR(INDEX(ProjCodes,MATCH(D31,ProjNames,0)),"")) | J31: =IF(COUNTA(B31,D31,G31,H31,I31)=0,"",IF(B31="","Enter date",IF(OR(B31<$AC$2,B31>$AC$3),"Date not in January",IF(D31="","Pick project",IF(ISNA(MATCH(D31,ProjNames,0)),"Project not in list",IF(G31="","Add task description",IF(H31="","Pick NTIME or P6",IF(N(I31)<=0,"Enter hours",IF(AND(AllowOT<>"Yes",SUMIF($B$7:$B$256,B31,$I$7:$I$256)>INDEX($O$58:$O$88,DAY(B31))),"Day over "&INDEX($O$58:$O$88,DAY(B31))&" h","✓"))))))))) | W31: =IF(Projects!B29="","",Projects!B29) | X31: =IF(W31="",0,SUMIFS($I$7:$I$256,$D$7:$D$256,W31,$H$7:$H$256,"NTIME")) -> 0 | Y31: =IF(W31="",0,SUMIFS($I$7:$I$256,$D$7:$D$256,W31,$H$7:$H$256,"P6")) -> 0 | Z31: =X31+Y31 -> 0 | AA31: =IF(Z31>0,Z31+(201-25)/10^6,0) -> 0
C32: =IF(B32="","",TEXT(B32,"ddd")) | E32: =IF(D32="","",IFERROR(INDEX(ProjNumbers,MATCH(D32,ProjNames,0)),"")) | F32: =IF(D32="","",IFERROR(INDEX(ProjCodes,MATCH(D32,ProjNames,0)),"")) | J32: =IF(COUNTA(B32,D32,G32,H32,I32)=0,"",IF(B32="","Enter date",IF(OR(B32<$AC$2,B32>$AC$3),"Date not in January",IF(D32="","Pick project",IF(ISNA(MATCH(D32,ProjNames,0)),"Project not in list",IF(G32="","Add task description",IF(H32="","Pick NTIME or P6",IF(N(I32)<=0,"Enter hours",IF(AND(AllowOT<>"Yes",SUMIF($B$7:$B$256,B32,$I$7:$I$256)>INDEX($O$58:$O$88,DAY(B32))),"Day over "&INDEX($O$58:$O$88,DAY(B32))&" h","✓"))))))))) | W32: =IF(Projects!B30="","",Projects!B30) | X32: =IF(W32="",0,SUMIFS($I$7:$I$256,$D$7:$D$256,W32,$H$7:$H$256,"NTIME")) -> 0 | Y32: =IF(W32="",0,SUMIFS($I$7:$I$256,$D$7:$D$256,W32,$H$7:$H$256,"P6")) -> 0 | Z32: =X32+Y32 -> 0 | AA32: =IF(Z32>0,Z32+(201-26)/10^6,0) -> 0
C33: =IF(B33="","",TEXT(B33,"ddd")) | E33: =IF(D33="","",IFERROR(INDEX(ProjNumbers,MATCH(D33,ProjNames,0)),"")) | F33: =IF(D33="","",IFERROR(INDEX(ProjCodes,MATCH(D33,ProjNames,0)),"")) | J33: =IF(COUNTA(B33,D33,G33,H33,I33)=0,"",IF(B33="","Enter date",IF(OR(B33<$AC$2,B33>$AC$3),"Date not in January",IF(D33="","Pick project",IF(ISNA(MATCH(D33,ProjNames,0)),"Project not in list",IF(G33="","Add task description",IF(H33="","Pick NTIME or P6",IF(N(I33)<=0,"Enter hours",IF(AND(AllowOT<>"Yes",SUMIF($B$7:$B$256,B33,$I$7:$I$256)>INDEX($O$58:$O$88,DAY(B33))),"Day over "&INDEX($O$58:$O$88,DAY(B33))&" h","✓"))))))))) | W33: =IF(Projects!B31="","",Projects!B31) | X33: =IF(W33="",0,SUMIFS($I$7:$I$256,$D$7:$D$256,W33,$H$7:$H$256,"NTIME")) -> 0 | Y33: =IF(W33="",0,SUMIFS($I$7:$I$256,$D$7:$D$256,W33,$H$7:$H$256,"P6")) -> 0 | Z33: =X33+Y33 -> 0 | AA33: =IF(Z33>0,Z33+(201-27)/10^6,0) -> 0
C34: =IF(B34="","",TEXT(B34,"ddd")) | E34: =IF(D34="","",IFERROR(INDEX(ProjNumbers,MATCH(D34,ProjNames,0)),"")) | F34: =IF(D34="","",IFERROR(INDEX(ProjCodes,MATCH(D34,ProjNames,0)),"")) | J34: =IF(COUNTA(B34,D34,G34,H34,I34)=0,"",IF(B34="","Enter date",IF(OR(B34<$AC$2,B34>$AC$3),"Date not in January",IF(D34="","Pick project",IF(ISNA(MATCH(D34,ProjNames,0)),"Project not in list",IF(G34="","Add task description",IF(H34="","Pick NTIME or P6",IF(N(I34)<=0,"Enter hours",IF(AND(AllowOT<>"Yes",SUMIF($B$7:$B$256,B34,$I$7:$I$256)>INDEX($O$58:$O$88,DAY(B34))),"Day over "&INDEX($O$58:$O$88,DAY(B34))&" h","✓"))))))))) | W34: =IF(Projects!B32="","",Projects!B32) | X34: =IF(W34="",0,SUMIFS($I$7:$I$256,$D$7:$D$256,W34,$H$7:$H$256,"NTIME")) -> 0 | Y34: =IF(W34="",0,SUMIFS($I$7:$I$256,$D$7:$D$256,W34,$H$7:$H$256,"P6")) -> 0 | Z34: =X34+Y34 -> 0 | AA34: =IF(Z34>0,Z34+(201-28)/10^6,0) -> 0
C35: =IF(B35="","",TEXT(B35,"ddd")) | E35: =IF(D35="","",IFERROR(INDEX(ProjNumbers,MATCH(D35,ProjNames,0)),"")) | F35: =IF(D35="","",IFERROR(INDEX(ProjCodes,MATCH(D35,ProjNames,0)),"")) | J35: =IF(COUNTA(B35,D35,G35,H35,I35)=0,"",IF(B35="","Enter date",IF(OR(B35<$AC$2,B35>$AC$3),"Date not in January",IF(D35="","Pick project",IF(ISNA(MATCH(D35,ProjNames,0)),"Project not in list",IF(G35="","Add task description",IF(H35="","Pick NTIME or P6",IF(N(I35)<=0,"Enter hours",IF(AND(AllowOT<>"Yes",SUMIF($B$7:$B$256,B35,$I$7:$I$256)>INDEX($O$58:$O$88,DAY(B35))),"Day over "&INDEX($O$58:$O$88,DAY(B35))&" h","✓"))))))))) | L35: PROJECTS THIS MONTH | W35: =IF(Projects!B33="","",Projects!B33) | X35: =IF(W35="",0,SUMIFS($I$7:$I$256,$D$7:$D$256,W35,$H$7:$H$256,"NTIME")) -> 0 | Y35: =IF(W35="",0,SUMIFS($I$7:$I$256,$D$7:$D$256,W35,$H$7:$H$256,"P6")) -> 0 | Z35: =X35+Y35 -> 0 | AA35: =IF(Z35>0,Z35+(201-29)/10^6,0) -> 0
C36: =IF(B36="","",TEXT(B36,"ddd")) | E36: =IF(D36="","",IFERROR(INDEX(ProjNumbers,MATCH(D36,ProjNames,0)),"")) | F36: =IF(D36="","",IFERROR(INDEX(ProjCodes,MATCH(D36,ProjNames,0)),"")) | J36: =IF(COUNTA(B36,D36,G36,H36,I36)=0,"",IF(B36="","Enter date",IF(OR(B36<$AC$2,B36>$AC$3),"Date not in January",IF(D36="","Pick project",IF(ISNA(MATCH(D36,ProjNames,0)),"Project not in list",IF(G36="","Add task description",IF(H36="","Pick NTIME or P6",IF(N(I36)<=0,"Enter hours",IF(AND(AllowOT<>"Yes",SUMIF($B$7:$B$256,B36,$I$7:$I$256)>INDEX($O$58:$O$88,DAY(B36))),"Day over "&INDEX($O$58:$O$88,DAY(B36))&" h","✓"))))))))) | L36: Project | M36: Project Number | N36: Oracle Code | O36: NTIME | P36: P6 | Q36: Total | R36: % of month | W36: =IF(Projects!B34="","",Projects!B34) | X36: =IF(W36="",0,SUMIFS($I$7:$I$256,$D$7:$D$256,W36,$H$7:$H$256,"NTIME")) -> 0 | Y36: =IF(W36="",0,SUMIFS($I$7:$I$256,$D$7:$D$256,W36,$H$7:$H$256,"P6")) -> 0 | Z36: =X36+Y36 -> 0 | AA36: =IF(Z36>0,Z36+(201-30)/10^6,0) -> 0
C37: =IF(B37="","",TEXT(B37,"ddd")) | E37: =IF(D37="","",IFERROR(INDEX(ProjNumbers,MATCH(D37,ProjNames,0)),"")) | F37: =IF(D37="","",IFERROR(INDEX(ProjCodes,MATCH(D37,ProjNames,0)),"")) | J37: =IF(COUNTA(B37,D37,G37,H37,I37)=0,"",IF(B37="","Enter date",IF(OR(B37<$AC$2,B37>$AC$3),"Date not in January",IF(D37="","Pick project",IF(ISNA(MATCH(D37,ProjNames,0)),"Project not in list",IF(G37="","Add task description",IF(H37="","Pick NTIME or P6",IF(N(I37)<=0,"Enter hours",IF(AND(AllowOT<>"Yes",SUMIF($B$7:$B$256,B37,$I$7:$I$256)>INDEX($O$58:$O$88,DAY(B37))),"Day over "&INDEX($O$58:$O$88,DAY(B37))&" h","✓"))))))))) | L37: =IF($AD37=0,"",INDEX($W$7:$W$206,$AD37)) | M37: =IF($AD37=0,"",INDEX(ProjNumbers,$AD37)) | N37: =IF($AD37=0,"",INDEX(ProjCodes,$AD37)) | O37: =IF($AD37=0,"",INDEX($X$7:$X$206,$AD37)) | P37: =IF($AD37=0,"",INDEX($Y$7:$Y$206,$AD37)) | Q37: =IF($AD37=0,"",INDEX($Z$7:$Z$206,$AD37)) | R37: =IF(OR($AD37=0,$L$5=0),"",Q37/$L$5) | W37: =IF(Projects!B35="","",Projects!B35) | X37: =IF(W37="",0,SUMIFS($I$7:$I$256,$D$7:$D$256,W37,$H$7:$H$256,"NTIME")) -> 0 | Y37: =IF(W37="",0,SUMIFS($I$7:$I$256,$D$7:$D$256,W37,$H$7:$H$256,"P6")) -> 0 | Z37: =X37+Y37 -> 0 | AA37: =IF(Z37>0,Z37+(201-31)/10^6,0) -> 0 | AD37: =IF(LARGE($AA$7:$AA$206,1)<=0,0,MATCH(LARGE($AA$7:$AA$206,1),$AA$7:$AA$206,0)) -> 0
C38: =IF(B38="","",TEXT(B38,"ddd")) | E38: =IF(D38="","",IFERROR(INDEX(ProjNumbers,MATCH(D38,ProjNames,0)),"")) | F38: =IF(D38="","",IFERROR(INDEX(ProjCodes,MATCH(D38,ProjNames,0)),"")) | J38: =IF(COUNTA(B38,D38,G38,H38,I38)=0,"",IF(B38="","Enter date",IF(OR(B38<$AC$2,B38>$AC$3),"Date not in January",IF(D38="","Pick project",IF(ISNA(MATCH(D38,ProjNames,0)),"Project not in list",IF(G38="","Add task description",IF(H38="","Pick NTIME or P6",IF(N(I38)<=0,"Enter hours",IF(AND(AllowOT<>"Yes",SUMIF($B$7:$B$256,B38,$I$7:$I$256)>INDEX($O$58:$O$88,DAY(B38))),"Day over "&INDEX($O$58:$O$88,DAY(B38))&" h","✓"))))))))) | L38: =IF($AD38=0,"",INDEX($W$7:$W$206,$AD38)) | M38: =IF($AD38=0,"",INDEX(ProjNumbers,$AD38)) | N38: =IF($AD38=0,"",INDEX(ProjCodes,$AD38)) | O38: =IF($AD38=0,"",INDEX($X$7:$X$206,$AD38)) | P38: =IF($AD38=0,"",INDEX($Y$7:$Y$206,$AD38)) | Q38: =IF($AD38=0,"",INDEX($Z$7:$Z$206,$AD38)) | R38: =IF(OR($AD38=0,$L$5=0),"",Q38/$L$5) | W38: =IF(Projects!B36="","",Projects!B36) | X38: =IF(W38="",0,SUMIFS($I$7:$I$256,$D$7:$D$256,W38,$H$7:$H$256,"NTIME")) -> 0 | Y38: =IF(W38="",0,SUMIFS($I$7:$I$256,$D$7:$D$256,W38,$H$7:$H$256,"P6")) -> 0 | Z38: =X38+Y38 -> 0 | AA38: =IF(Z38>0,Z38+(201-32)/10^6,0) -> 0 | AD38: =IF(LARGE($AA$7:$AA$206,2)<=0,0,MATCH(LARGE($AA$7:$AA$206,2),$AA$7:$AA$206,0)) -> 0
C39: =IF(B39="","",TEXT(B39,"ddd")) | E39: =IF(D39="","",IFERROR(INDEX(ProjNumbers,MATCH(D39,ProjNames,0)),"")) | F39: =IF(D39="","",IFERROR(INDEX(ProjCodes,MATCH(D39,ProjNames,0)),"")) | J39: =IF(COUNTA(B39,D39,G39,H39,I39)=0,"",IF(B39="","Enter date",IF(OR(B39<$AC$2,B39>$AC$3),"Date not in January",IF(D39="","Pick project",IF(ISNA(MATCH(D39,ProjNames,0)),"Project not in list",IF(G39="","Add task description",IF(H39="","Pick NTIME or P6",IF(N(I39)<=0,"Enter hours",IF(AND(AllowOT<>"Yes",SUMIF($B$7:$B$256,B39,$I$7:$I$256)>INDEX($O$58:$O$88,DAY(B39))),"Day over "&INDEX($O$58:$O$88,DAY(B39))&" h","✓"))))))))) | L39: =IF($AD39=0,"",INDEX($W$7:$W$206,$AD39)) | M39: =IF($AD39=0,"",INDEX(ProjNumbers,$AD39)) | N39: =IF($AD39=0,"",INDEX(ProjCodes,$AD39)) | O39: =IF($AD39=0,"",INDEX($X$7:$X$206,$AD39)) | P39: =IF($AD39=0,"",INDEX($Y$7:$Y$206,$AD39)) | Q39: =IF($AD39=0,"",INDEX($Z$7:$Z$206,$AD39)) | R39: =IF(OR($AD39=0,$L$5=0),"",Q39/$L$5) | W39: =IF(Projects!B37="","",Projects!B37) | X39: =IF(W39="",0,SUMIFS($I$7:$I$256,$D$7:$D$256,W39,$H$7:$H$256,"NTIME")) -> 0 | Y39: =IF(W39="",0,SUMIFS($I$7:$I$256,$D$7:$D$256,W39,$H$7:$H$256,"P6")) -> 0 | Z39: =X39+Y39 -> 0 | AA39: =IF(Z39>0,Z39+(201-33)/10^6,0) -> 0 | AD39: =IF(LARGE($AA$7:$AA$206,3)<=0,0,MATCH(LARGE($AA$7:$AA$206,3),$AA$7:$AA$206,0)) -> 0
C40: =IF(B40="","",TEXT(B40,"ddd")) | E40: =IF(D40="","",IFERROR(INDEX(ProjNumbers,MATCH(D40,ProjNames,0)),"")) | F40: =IF(D40="","",IFERROR(INDEX(ProjCodes,MATCH(D40,ProjNames,0)),"")) | J40: =IF(COUNTA(B40,D40,G40,H40,I40)=0,"",IF(B40="","Enter date",IF(OR(B40<$AC$2,B40>$AC$3),"Date not in January",IF(D40="","Pick project",IF(ISNA(MATCH(D40,ProjNames,0)),"Project not in list",IF(G40="","Add task description",IF(H40="","Pick NTIME or P6",IF(N(I40)<=0,"Enter hours",IF(AND(AllowOT<>"Yes",SUMIF($B$7:$B$256,B40,$I$7:$I$256)>INDEX($O$58:$O$88,DAY(B40))),"Day over "&INDEX($O$58:$O$88,DAY(B40))&" h","✓"))))))))) | L40: =IF($AD40=0,"",INDEX($W$7:$W$206,$AD40)) | M40: =IF($AD40=0,"",INDEX(ProjNumbers,$AD40)) | N40: =IF($AD40=0,"",INDEX(ProjCodes,$AD40)) | O40: =IF($AD40=0,"",INDEX($X$7:$X$206,$AD40)) | P40: =IF($AD40=0,"",INDEX($Y$7:$Y$206,$AD40)) | Q40: =IF($AD40=0,"",INDEX($Z$7:$Z$206,$AD40)) | R40: =IF(OR($AD40=0,$L$5=0),"",Q40/$L$5) | W40: =IF(Projects!B38="","",Projects!B38) | X40: =IF(W40="",0,SUMIFS($I$7:$I$256,$D$7:$D$256,W40,$H$7:$H$256,"NTIME")) -> 0 | Y40: =IF(W40="",0,SUMIFS($I$7:$I$256,$D$7:$D$256,W40,$H$7:$H$256,"P6")) -> 0 | Z40: =X40+Y40 -> 0 | AA40: =IF(Z40>0,Z40+(201-34)/10^6,0) -> 0 | AD40: =IF(LARGE($AA$7:$AA$206,4)<=0,0,MATCH(LARGE($AA$7:$AA$206,4),$AA$7:$AA$206,0)) -> 0
C41: =IF(B41="","",TEXT(B41,"ddd")) | E41: =IF(D41="","",IFERROR(INDEX(ProjNumbers,MATCH(D41,ProjNames,0)),"")) | F41: =IF(D41="","",IFERROR(INDEX(ProjCodes,MATCH(D41,ProjNames,0)),"")) | J41: =IF(COUNTA(B41,D41,G41,H41,I41)=0,"",IF(B41="","Enter date",IF(OR(B41<$AC$2,B41>$AC$3),"Date not in January",IF(D41="","Pick project",IF(ISNA(MATCH(D41,ProjNames,0)),"Project not in list",IF(G41="","Add task description",IF(H41="","Pick NTIME or P6",IF(N(I41)<=0,"Enter hours",IF(AND(AllowOT<>"Yes",SUMIF($B$7:$B$256,B41,$I$7:$I$256)>INDEX($O$58:$O$88,DAY(B41))),"Day over "&INDEX($O$58:$O$88,DAY(B41))&" h","✓"))))))))) | L41: =IF($AD41=0,"",INDEX($W$7:$W$206,$AD41)) | M41: =IF($AD41=0,"",INDEX(ProjNumbers,$AD41)) | N41: =IF($AD41=0,"",INDEX(ProjCodes,$AD41)) | O41: =IF($AD41=0,"",INDEX($X$7:$X$206,$AD41)) | P41: =IF($AD41=0,"",INDEX($Y$7:$Y$206,$AD41)) | Q41: =IF($AD41=0,"",INDEX($Z$7:$Z$206,$AD41)) | R41: =IF(OR($AD41=0,$L$5=0),"",Q41/$L$5) | W41: =IF(Projects!B39="","",Projects!B39) | X41: =IF(W41="",0,SUMIFS($I$7:$I$256,$D$7:$D$256,W41,$H$7:$H$256,"NTIME")) -> 0 | Y41: =IF(W41="",0,SUMIFS($I$7:$I$256,$D$7:$D$256,W41,$H$7:$H$256,"P6")) -> 0 | Z41: =X41+Y41 -> 0 | AA41: =IF(Z41>0,Z41+(201-35)/10^6,0) -> 0 | AD41: =IF(LARGE($AA$7:$AA$206,5)<=0,0,MATCH(LARGE($AA$7:$AA$206,5),$AA$7:$AA$206,0)) -> 0
C42: =IF(B42="","",TEXT(B42,"ddd")) | E42: =IF(D42="","",IFERROR(INDEX(ProjNumbers,MATCH(D42,ProjNames,0)),"")) | F42: =IF(D42="","",IFERROR(INDEX(ProjCodes,MATCH(D42,ProjNames,0)),"")) | J42: =IF(COUNTA(B42,D42,G42,H42,I42)=0,"",IF(B42="","Enter date",IF(OR(B42<$AC$2,B42>$AC$3),"Date not in January",IF(D42="","Pick project",IF(ISNA(MATCH(D42,ProjNames,0)),"Project not in list",IF(G42="","Add task description",IF(H42="","Pick NTIME or P6",IF(N(I42)<=0,"Enter hours",IF(AND(AllowOT<>"Yes",SUMIF($B$7:$B$256,B42,$I$7:$I$256)>INDEX($O$58:$O$88,DAY(B42))),"Day over "&INDEX($O$58:$O$88,DAY(B42))&" h","✓"))))))))) | L42: =IF($AD42=0,"",INDEX($W$7:$W$206,$AD42)) | M42: =IF($AD42=0,"",INDEX(ProjNumbers,$AD42)) | N42: =IF($AD42=0,"",INDEX(ProjCodes,$AD42)) | O42: =IF($AD42=0,"",INDEX($X$7:$X$206,$AD42)) | P42: =IF($AD42=0,"",INDEX($Y$7:$Y$206,$AD42)) | Q42: =IF($AD42=0,"",INDEX($Z$7:$Z$206,$AD42)) | R42: =IF(OR($AD42=0,$L$5=0),"",Q42/$L$5) | W42: =IF(Projects!B40="","",Projects!B40) | X42: =IF(W42="",0,SUMIFS($I$7:$I$256,$D$7:$D$256,W42,$H$7:$H$256,"NTIME")) -> 0 | Y42: =IF(W42="",0,SUMIFS($I$7:$I$256,$D$7:$D$256,W42,$H$7:$H$256,"P6")) -> 0 | Z42: =X42+Y42 -> 0 | AA42: =IF(Z42>0,Z42+(201-36)/10^6,0) -> 0 | AD42: =IF(LARGE($AA$7:$AA$206,6)<=0,0,MATCH(LARGE($AA$7:$AA$206,6),$AA$7:$AA$206,0)) -> 0
C43: =IF(B43="","",TEXT(B43,"ddd")) | E43: =IF(D43="","",IFERROR(INDEX(ProjNumbers,MATCH(D43,ProjNames,0)),"")) | F43: =IF(D43="","",IFERROR(INDEX(ProjCodes,MATCH(D43,ProjNames,0)),"")) | J43: =IF(COUNTA(B43,D43,G43,H43,I43)=0,"",IF(B43="","Enter date",IF(OR(B43<$AC$2,B43>$AC$3),"Date not in January",IF(D43="","Pick project",IF(ISNA(MATCH(D43,ProjNames,0)),"Project not in list",IF(G43="","Add task description",IF(H43="","Pick NTIME or P6",IF(N(I43)<=0,"Enter hours",IF(AND(AllowOT<>"Yes",SUMIF($B$7:$B$256,B43,$I$7:$I$256)>INDEX($O$58:$O$88,DAY(B43))),"Day over "&INDEX($O$58:$O$88,DAY(B43))&" h","✓"))))))))) | L43: =IF($AD43=0,"",INDEX($W$7:$W$206,$AD43)) | M43: =IF($AD43=0,"",INDEX(ProjNumbers,$AD43)) | N43: =IF($AD43=0,"",INDEX(ProjCodes,$AD43)) | O43: =IF($AD43=0,"",INDEX($X$7:$X$206,$AD43)) | P43: =IF($AD43=0,"",INDEX($Y$7:$Y$206,$AD43)) | Q43: =IF($AD43=0,"",INDEX($Z$7:$Z$206,$AD43)) | R43: =IF(OR($AD43=0,$L$5=0),"",Q43/$L$5) | W43: =IF(Projects!B41="","",Projects!B41) | X43: =IF(W43="",0,SUMIFS($I$7:$I$256,$D$7:$D$256,W43,$H$7:$H$256,"NTIME")) -> 0 | Y43: =IF(W43="",0,SUMIFS($I$7:$I$256,$D$7:$D$256,W43,$H$7:$H$256,"P6")) -> 0 | Z43: =X43+Y43 -> 0 | AA43: =IF(Z43>0,Z43+(201-37)/10^6,0) -> 0 | AD43: =IF(LARGE($AA$7:$AA$206,7)<=0,0,MATCH(LARGE($AA$7:$AA$206,7),$AA$7:$AA$206,0)) -> 0
C44: =IF(B44="","",TEXT(B44,"ddd")) | E44: =IF(D44="","",IFERROR(INDEX(ProjNumbers,MATCH(D44,ProjNames,0)),"")) | F44: =IF(D44="","",IFERROR(INDEX(ProjCodes,MATCH(D44,ProjNames,0)),"")) | J44: =IF(COUNTA(B44,D44,G44,H44,I44)=0,"",IF(B44="","Enter date",IF(OR(B44<$AC$2,B44>$AC$3),"Date not in January",IF(D44="","Pick project",IF(ISNA(MATCH(D44,ProjNames,0)),"Project not in list",IF(G44="","Add task description",IF(H44="","Pick NTIME or P6",IF(N(I44)<=0,"Enter hours",IF(AND(AllowOT<>"Yes",SUMIF($B$7:$B$256,B44,$I$7:$I$256)>INDEX($O$58:$O$88,DAY(B44))),"Day over "&INDEX($O$58:$O$88,DAY(B44))&" h","✓"))))))))) | L44: =IF($AD44=0,"",INDEX($W$7:$W$206,$AD44)) | M44: =IF($AD44=0,"",INDEX(ProjNumbers,$AD44)) | N44: =IF($AD44=0,"",INDEX(ProjCodes,$AD44)) | O44: =IF($AD44=0,"",INDEX($X$7:$X$206,$AD44)) | P44: =IF($AD44=0,"",INDEX($Y$7:$Y$206,$AD44)) | Q44: =IF($AD44=0,"",INDEX($Z$7:$Z$206,$AD44)) | R44: =IF(OR($AD44=0,$L$5=0),"",Q44/$L$5) | W44: =IF(Projects!B42="","",Projects!B42) | X44: =IF(W44="",0,SUMIFS($I$7:$I$256,$D$7:$D$256,W44,$H$7:$H$256,"NTIME")) -> 0 | Y44: =IF(W44="",0,SUMIFS($I$7:$I$256,$D$7:$D$256,W44,$H$7:$H$256,"P6")) -> 0 | Z44: =X44+Y44 -> 0 | AA44: =IF(Z44>0,Z44+(201-38)/10^6,0) -> 0 | AD44: =IF(LARGE($AA$7:$AA$206,8)<=0,0,MATCH(LARGE($AA$7:$AA$206,8),$AA$7:$AA$206,0)) -> 0
C45: =IF(B45="","",TEXT(B45,"ddd")) | E45: =IF(D45="","",IFERROR(INDEX(ProjNumbers,MATCH(D45,ProjNames,0)),"")) | F45: =IF(D45="","",IFERROR(INDEX(ProjCodes,MATCH(D45,ProjNames,0)),"")) | J45: =IF(COUNTA(B45,D45,G45,H45,I45)=0,"",IF(B45="","Enter date",IF(OR(B45<$AC$2,B45>$AC$3),"Date not in January",IF(D45="","Pick project",IF(ISNA(MATCH(D45,ProjNames,0)),"Project not in list",IF(G45="","Add task description",IF(H45="","Pick NTIME or P6",IF(N(I45)<=0,"Enter hours",IF(AND(AllowOT<>"Yes",SUMIF($B$7:$B$256,B45,$I$7:$I$256)>INDEX($O$58:$O$88,DAY(B45))),"Day over "&INDEX($O$58:$O$88,DAY(B45))&" h","✓"))))))))) | L45: =IF($AD45=0,"",INDEX($W$7:$W$206,$AD45)) | M45: =IF($AD45=0,"",INDEX(ProjNumbers,$AD45)) | N45: =IF($AD45=0,"",INDEX(ProjCodes,$AD45)) | O45: =IF($AD45=0,"",INDEX($X$7:$X$206,$AD45)) | P45: =IF($AD45=0,"",INDEX($Y$7:$Y$206,$AD45)) | Q45: =IF($AD45=0,"",INDEX($Z$7:$Z$206,$AD45)) | R45: =IF(OR($AD45=0,$L$5=0),"",Q45/$L$5) | W45: =IF(Projects!B43="","",Projects!B43) | X45: =IF(W45="",0,SUMIFS($I$7:$I$256,$D$7:$D$256,W45,$H$7:$H$256,"NTIME")) -> 0 | Y45: =IF(W45="",0,SUMIFS($I$7:$I$256,$D$7:$D$256,W45,$H$7:$H$256,"P6")) -> 0 | Z45: =X45+Y45 -> 0 | AA45: =IF(Z45>0,Z45+(201-39)/10^6,0) -> 0 | AD45: =IF(LARGE($AA$7:$AA$206,9)<=0,0,MATCH(LARGE($AA$7:$AA$206,9),$AA$7:$AA$206,0)) -> 0
C46: =IF(B46="","",TEXT(B46,"ddd")) | E46: =IF(D46="","",IFERROR(INDEX(ProjNumbers,MATCH(D46,ProjNames,0)),"")) | F46: =IF(D46="","",IFERROR(INDEX(ProjCodes,MATCH(D46,ProjNames,0)),"")) | J46: =IF(COUNTA(B46,D46,G46,H46,I46)=0,"",IF(B46="","Enter date",IF(OR(B46<$AC$2,B46>$AC$3),"Date not in January",IF(D46="","Pick project",IF(ISNA(MATCH(D46,ProjNames,0)),"Project not in list",IF(G46="","Add task description",IF(H46="","Pick NTIME or P6",IF(N(I46)<=0,"Enter hours",IF(AND(AllowOT<>"Yes",SUMIF($B$7:$B$256,B46,$I$7:$I$256)>INDEX($O$58:$O$88,DAY(B46))),"Day over "&INDEX($O$58:$O$88,DAY(B46))&" h","✓"))))))))) | L46: =IF($AD46=0,"",INDEX($W$7:$W$206,$AD46)) | M46: =IF($AD46=0,"",INDEX(ProjNumbers,$AD46)) | N46: =IF($AD46=0,"",INDEX(ProjCodes,$AD46)) | O46: =IF($AD46=0,"",INDEX($X$7:$X$206,$AD46)) | P46: =IF($AD46=0,"",INDEX($Y$7:$Y$206,$AD46)) | Q46: =IF($AD46=0,"",INDEX($Z$7:$Z$206,$AD46)) | R46: =IF(OR($AD46=0,$L$5=0),"",Q46/$L$5) | W46: =IF(Projects!B44="","",Projects!B44) | X46: =IF(W46="",0,SUMIFS($I$7:$I$256,$D$7:$D$256,W46,$H$7:$H$256,"NTIME")) -> 0 | Y46: =IF(W46="",0,SUMIFS($I$7:$I$256,$D$7:$D$256,W46,$H$7:$H$256,"P6")) -> 0 | Z46: =X46+Y46 -> 0 | AA46: =IF(Z46>0,Z46+(201-40)/10^6,0) -> 0 | AD46: =IF(LARGE($AA$7:$AA$206,10)<=0,0,MATCH(LARGE($AA$7:$AA$206,10),$AA$7:$AA$206,0)) -> 0
C47: =IF(B47="","",TEXT(B47,"ddd")) | E47: =IF(D47="","",IFERROR(INDEX(ProjNumbers,MATCH(D47,ProjNames,0)),"")) | F47: =IF(D47="","",IFERROR(INDEX(ProjCodes,MATCH(D47,ProjNames,0)),"")) | J47: =IF(COUNTA(B47,D47,G47,H47,I47)=0,"",IF(B47="","Enter date",IF(OR(B47<$AC$2,B47>$AC$3),"Date not in January",IF(D47="","Pick project",IF(ISNA(MATCH(D47,ProjNames,0)),"Project not in list",IF(G47="","Add task description",IF(H47="","Pick NTIME or P6",IF(N(I47)<=0,"Enter hours",IF(AND(AllowOT<>"Yes",SUMIF($B$7:$B$256,B47,$I$7:$I$256)>INDEX($O$58:$O$88,DAY(B47))),"Day over "&INDEX($O$58:$O$88,DAY(B47))&" h","✓"))))))))) | L47: =IF($AD47=0,"",INDEX($W$7:$W$206,$AD47)) | M47: =IF($AD47=0,"",INDEX(ProjNumbers,$AD47)) | N47: =IF($AD47=0,"",INDEX(ProjCodes,$AD47)) | O47: =IF($AD47=0,"",INDEX($X$7:$X$206,$AD47)) | P47: =IF($AD47=0,"",INDEX($Y$7:$Y$206,$AD47)) | Q47: =IF($AD47=0,"",INDEX($Z$7:$Z$206,$AD47)) | R47: =IF(OR($AD47=0,$L$5=0),"",Q47/$L$5) | W47: =IF(Projects!B45="","",Projects!B45) | X47: =IF(W47="",0,SUMIFS($I$7:$I$256,$D$7:$D$256,W47,$H$7:$H$256,"NTIME")) -> 0 | Y47: =IF(W47="",0,SUMIFS($I$7:$I$256,$D$7:$D$256,W47,$H$7:$H$256,"P6")) -> 0 | Z47: =X47+Y47 -> 0 | AA47: =IF(Z47>0,Z47+(201-41)/10^6,0) -> 0 | AD47: =IF(LARGE($AA$7:$AA$206,11)<=0,0,MATCH(LARGE($AA$7:$AA$206,11),$AA$7:$AA$206,0)) -> 0
C48: =IF(B48="","",TEXT(B48,"ddd")) | E48: =IF(D48="","",IFERROR(INDEX(ProjNumbers,MATCH(D48,ProjNames,0)),"")) | F48: =IF(D48="","",IFERROR(INDEX(ProjCodes,MATCH(D48,ProjNames,0)),"")) | J48: =IF(COUNTA(B48,D48,G48,H48,I48)=0,"",IF(B48="","Enter date",IF(OR(B48<$AC$2,B48>$AC$3),"Date not in January",IF(D48="","Pick project",IF(ISNA(MATCH(D48,ProjNames,0)),"Project not in list",IF(G48="","Add task description",IF(H48="","Pick NTIME or P6",IF(N(I48)<=0,"Enter hours",IF(AND(AllowOT<>"Yes",SUMIF($B$7:$B$256,B48,$I$7:$I$256)>INDEX($O$58:$O$88,DAY(B48))),"Day over "&INDEX($O$58:$O$88,DAY(B48))&" h","✓"))))))))) | L48: =IF($AD48=0,"",INDEX($W$7:$W$206,$AD48)) | M48: =IF($AD48=0,"",INDEX(ProjNumbers,$AD48)) | N48: =IF($AD48=0,"",INDEX(ProjCodes,$AD48)) | O48: =IF($AD48=0,"",INDEX($X$7:$X$206,$AD48)) | P48: =IF($AD48=0,"",INDEX($Y$7:$Y$206,$AD48)) | Q48: =IF($AD48=0,"",INDEX($Z$7:$Z$206,$AD48)) | R48: =IF(OR($AD48=0,$L$5=0),"",Q48/$L$5) | W48: =IF(Projects!B46="","",Projects!B46) | X48: =IF(W48="",0,SUMIFS($I$7:$I$256,$D$7:$D$256,W48,$H$7:$H$256,"NTIME")) -> 0 | Y48: =IF(W48="",0,SUMIFS($I$7:$I$256,$D$7:$D$256,W48,$H$7:$H$256,"P6")) -> 0 | Z48: =X48+Y48 -> 0 | AA48: =IF(Z48>0,Z48+(201-42)/10^6,0) -> 0 | AD48: =IF(LARGE($AA$7:$AA$206,12)<=0,0,MATCH(LARGE($AA$7:$AA$206,12),$AA$7:$AA$206,0)) -> 0
C49: =IF(B49="","",TEXT(B49,"ddd")) | E49: =IF(D49="","",IFERROR(INDEX(ProjNumbers,MATCH(D49,ProjNames,0)),"")) | F49: =IF(D49="","",IFERROR(INDEX(ProjCodes,MATCH(D49,ProjNames,0)),"")) | J49: =IF(COUNTA(B49,D49,G49,H49,I49)=0,"",IF(B49="","Enter date",IF(OR(B49<$AC$2,B49>$AC$3),"Date not in January",IF(D49="","Pick project",IF(ISNA(MATCH(D49,ProjNames,0)),"Project not in list",IF(G49="","Add task description",IF(H49="","Pick NTIME or P6",IF(N(I49)<=0,"Enter hours",IF(AND(AllowOT<>"Yes",SUMIF($B$7:$B$256,B49,$I$7:$I$256)>INDEX($O$58:$O$88,DAY(B49))),"Day over "&INDEX($O$58:$O$88,DAY(B49))&" h","✓"))))))))) | L49: =IF($AD49=0,"",INDEX($W$7:$W$206,$AD49)) | M49: =IF($AD49=0,"",INDEX(ProjNumbers,$AD49)) | N49: =IF($AD49=0,"",INDEX(ProjCodes,$AD49)) | O49: =IF($AD49=0,"",INDEX($X$7:$X$206,$AD49)) | P49: =IF($AD49=0,"",INDEX($Y$7:$Y$206,$AD49)) | Q49: =IF($AD49=0,"",INDEX($Z$7:$Z$206,$AD49)) | R49: =IF(OR($AD49=0,$L$5=0),"",Q49/$L$5) | W49: =IF(Projects!B47="","",Projects!B47) | X49: =IF(W49="",0,SUMIFS($I$7:$I$256,$D$7:$D$256,W49,$H$7:$H$256,"NTIME")) -> 0 | Y49: =IF(W49="",0,SUMIFS($I$7:$I$256,$D$7:$D$256,W49,$H$7:$H$256,"P6")) -> 0 | Z49: =X49+Y49 -> 0 | AA49: =IF(Z49>0,Z49+(201-43)/10^6,0) -> 0 | AD49: =IF(LARGE($AA$7:$AA$206,13)<=0,0,MATCH(LARGE($AA$7:$AA$206,13),$AA$7:$AA$206,0)) -> 0
C50: =IF(B50="","",TEXT(B50,"ddd")) | E50: =IF(D50="","",IFERROR(INDEX(ProjNumbers,MATCH(D50,ProjNames,0)),"")) | F50: =IF(D50="","",IFERROR(INDEX(ProjCodes,MATCH(D50,ProjNames,0)),"")) | J50: =IF(COUNTA(B50,D50,G50,H50,I50)=0,"",IF(B50="","Enter date",IF(OR(B50<$AC$2,B50>$AC$3),"Date not in January",IF(D50="","Pick project",IF(ISNA(MATCH(D50,ProjNames,0)),"Project not in list",IF(G50="","Add task description",IF(H50="","Pick NTIME or P6",IF(N(I50)<=0,"Enter hours",IF(AND(AllowOT<>"Yes",SUMIF($B$7:$B$256,B50,$I$7:$I$256)>INDEX($O$58:$O$88,DAY(B50))),"Day over "&INDEX($O$58:$O$88,DAY(B50))&" h","✓"))))))))) | L50: =IF($AD50=0,"",INDEX($W$7:$W$206,$AD50)) | M50: =IF($AD50=0,"",INDEX(ProjNumbers,$AD50)) | N50: =IF($AD50=0,"",INDEX(ProjCodes,$AD50)) | O50: =IF($AD50=0,"",INDEX($X$7:$X$206,$AD50)) | P50: =IF($AD50=0,"",INDEX($Y$7:$Y$206,$AD50)) | Q50: =IF($AD50=0,"",INDEX($Z$7:$Z$206,$AD50)) | R50: =IF(OR($AD50=0,$L$5=0),"",Q50/$L$5) | W50: =IF(Projects!B48="","",Projects!B48) | X50: =IF(W50="",0,SUMIFS($I$7:$I$256,$D$7:$D$256,W50,$H$7:$H$256,"NTIME")) -> 0 | Y50: =IF(W50="",0,SUMIFS($I$7:$I$256,$D$7:$D$256,W50,$H$7:$H$256,"P6")) -> 0 | Z50: =X50+Y50 -> 0 | AA50: =IF(Z50>0,Z50+(201-44)/10^6,0) -> 0 | AD50: =IF(LARGE($AA$7:$AA$206,14)<=0,0,MATCH(LARGE($AA$7:$AA$206,14),$AA$7:$AA$206,0)) -> 0
C51: =IF(B51="","",TEXT(B51,"ddd")) | E51: =IF(D51="","",IFERROR(INDEX(ProjNumbers,MATCH(D51,ProjNames,0)),"")) | F51: =IF(D51="","",IFERROR(INDEX(ProjCodes,MATCH(D51,ProjNames,0)),"")) | J51: =IF(COUNTA(B51,D51,G51,H51,I51)=0,"",IF(B51="","Enter date",IF(OR(B51<$AC$2,B51>$AC$3),"Date not in January",IF(D51="","Pick project",IF(ISNA(MATCH(D51,ProjNames,0)),"Project not in list",IF(G51="","Add task description",IF(H51="","Pick NTIME or P6",IF(N(I51)<=0,"Enter hours",IF(AND(AllowOT<>"Yes",SUMIF($B$7:$B$256,B51,$I$7:$I$256)>INDEX($O$58:$O$88,DAY(B51))),"Day over "&INDEX($O$58:$O$88,DAY(B51))&" h","✓"))))))))) | L51: =IF($AD51=0,"",INDEX($W$7:$W$206,$AD51)) | M51: =IF($AD51=0,"",INDEX(ProjNumbers,$AD51)) | N51: =IF($AD51=0,"",INDEX(ProjCodes,$AD51)) | O51: =IF($AD51=0,"",INDEX($X$7:$X$206,$AD51)) | P51: =IF($AD51=0,"",INDEX($Y$7:$Y$206,$AD51)) | Q51: =IF($AD51=0,"",INDEX($Z$7:$Z$206,$AD51)) | R51: =IF(OR($AD51=0,$L$5=0),"",Q51/$L$5) | W51: =IF(Projects!B49="","",Projects!B49) | X51: =IF(W51="",0,SUMIFS($I$7:$I$256,$D$7:$D$256,W51,$H$7:$H$256,"NTIME")) -> 0 | Y51: =IF(W51="",0,SUMIFS($I$7:$I$256,$D$7:$D$256,W51,$H$7:$H$256,"P6")) -> 0 | Z51: =X51+Y51 -> 0 | AA51: =IF(Z51>0,Z51+(201-45)/10^6,0) -> 0 | AD51: =IF(LARGE($AA$7:$AA$206,15)<=0,0,MATCH(LARGE($AA$7:$AA$206,15),$AA$7:$AA$206,0)) -> 0
C52: =IF(B52="","",TEXT(B52,"ddd")) | E52: =IF(D52="","",IFERROR(INDEX(ProjNumbers,MATCH(D52,ProjNames,0)),"")) | F52: =IF(D52="","",IFERROR(INDEX(ProjCodes,MATCH(D52,ProjNames,0)),"")) | J52: =IF(COUNTA(B52,D52,G52,H52,I52)=0,"",IF(B52="","Enter date",IF(OR(B52<$AC$2,B52>$AC$3),"Date not in January",IF(D52="","Pick project",IF(ISNA(MATCH(D52,ProjNames,0)),"Project not in list",IF(G52="","Add task description",IF(H52="","Pick NTIME or P6",IF(N(I52)<=0,"Enter hours",IF(AND(AllowOT<>"Yes",SUMIF($B$7:$B$256,B52,$I$7:$I$256)>INDEX($O$58:$O$88,DAY(B52))),"Day over "&INDEX($O$58:$O$88,DAY(B52))&" h","✓"))))))))) | L52: Not in project list | O52: =SUM($P$58:$P$88)-SUM($X$7:$X$206) -> 0 | P52: =SUM($Q$58:$Q$88)-SUM($Y$7:$Y$206) -> 0 | Q52: =O52+P52 -> 0 | R52: =IF($L$5=0,"",Q52/$L$5) | W52: =IF(Projects!B50="","",Projects!B50) | X52: =IF(W52="",0,SUMIFS($I$7:$I$256,$D$7:$D$256,W52,$H$7:$H$256,"NTIME")) -> 0 | Y52: =IF(W52="",0,SUMIFS($I$7:$I$256,$D$7:$D$256,W52,$H$7:$H$256,"P6")) -> 0 | Z52: =X52+Y52 -> 0 | AA52: =IF(Z52>0,Z52+(201-46)/10^6,0) -> 0
C53: =IF(B53="","",TEXT(B53,"ddd")) | E53: =IF(D53="","",IFERROR(INDEX(ProjNumbers,MATCH(D53,ProjNames,0)),"")) | F53: =IF(D53="","",IFERROR(INDEX(ProjCodes,MATCH(D53,ProjNames,0)),"")) | J53: =IF(COUNTA(B53,D53,G53,H53,I53)=0,"",IF(B53="","Enter date",IF(OR(B53<$AC$2,B53>$AC$3),"Date not in January",IF(D53="","Pick project",IF(ISNA(MATCH(D53,ProjNames,0)),"Project not in list",IF(G53="","Add task description",IF(H53="","Pick NTIME or P6",IF(N(I53)<=0,"Enter hours",IF(AND(AllowOT<>"Yes",SUMIF($B$7:$B$256,B53,$I$7:$I$256)>INDEX($O$58:$O$88,DAY(B53))),"Day over "&INDEX($O$58:$O$88,DAY(B53))&" h","✓"))))))))) | L53: Overhead | M53: Department Hours | O53: =IF(OHSystem="NTIME",O5,"") | P53: =IF(OHSystem="P6",O5,"") | Q53: =O5 -> 0 | R53: =IF($L$5=0,"",Q53/$L$5) | W53: =IF(Projects!B51="","",Projects!B51) | X53: =IF(W53="",0,SUMIFS($I$7:$I$256,$D$7:$D$256,W53,$H$7:$H$256,"NTIME")) -> 0 | Y53: =IF(W53="",0,SUMIFS($I$7:$I$256,$D$7:$D$256,W53,$H$7:$H$256,"P6")) -> 0 | Z53: =X53+Y53 -> 0 | AA53: =IF(Z53>0,Z53+(201-47)/10^6,0) -> 0
C54: =IF(B54="","",TEXT(B54,"ddd")) | E54: =IF(D54="","",IFERROR(INDEX(ProjNumbers,MATCH(D54,ProjNames,0)),"")) | F54: =IF(D54="","",IFERROR(INDEX(ProjCodes,MATCH(D54,ProjNames,0)),"")) | J54: =IF(COUNTA(B54,D54,G54,H54,I54)=0,"",IF(B54="","Enter date",IF(OR(B54<$AC$2,B54>$AC$3),"Date not in January",IF(D54="","Pick project",IF(ISNA(MATCH(D54,ProjNames,0)),"Project not in list",IF(G54="","Add task description",IF(H54="","Pick NTIME or P6",IF(N(I54)<=0,"Enter hours",IF(AND(AllowOT<>"Yes",SUMIF($B$7:$B$256,B54,$I$7:$I$256)>INDEX($O$58:$O$88,DAY(B54))),"Day over "&INDEX($O$58:$O$88,DAY(B54))&" h","✓"))))))))) | L54: Total | O54: =M5 -> 0 | P54: =N5 -> 0 | Q54: =L5 -> 0 | W54: =IF(Projects!B52="","",Projects!B52) | X54: =IF(W54="",0,SUMIFS($I$7:$I$256,$D$7:$D$256,W54,$H$7:$H$256,"NTIME")) -> 0 | Y54: =IF(W54="",0,SUMIFS($I$7:$I$256,$D$7:$D$256,W54,$H$7:$H$256,"P6")) -> 0 | Z54: =X54+Y54 -> 0 | AA54: =IF(Z54>0,Z54+(201-48)/10^6,0) -> 0
C55: =IF(B55="","",TEXT(B55,"ddd")) | E55: =IF(D55="","",IFERROR(INDEX(ProjNumbers,MATCH(D55,ProjNames,0)),"")) | F55: =IF(D55="","",IFERROR(INDEX(ProjCodes,MATCH(D55,ProjNames,0)),"")) | J55: =IF(COUNTA(B55,D55,G55,H55,I55)=0,"",IF(B55="","Enter date",IF(OR(B55<$AC$2,B55>$AC$3),"Date not in January",IF(D55="","Pick project",IF(ISNA(MATCH(D55,ProjNames,0)),"Project not in list",IF(G55="","Add task description",IF(H55="","Pick NTIME or P6",IF(N(I55)<=0,"Enter hours",IF(AND(AllowOT<>"Yes",SUMIF($B$7:$B$256,B55,$I$7:$I$256)>INDEX($O$58:$O$88,DAY(B55))),"Day over "&INDEX($O$58:$O$88,DAY(B55))&" h","✓"))))))))) | W55: =IF(Projects!B53="","",Projects!B53) | X55: =IF(W55="",0,SUMIFS($I$7:$I$256,$D$7:$D$256,W55,$H$7:$H$256,"NTIME")) -> 0 | Y55: =IF(W55="",0,SUMIFS($I$7:$I$256,$D$7:$D$256,W55,$H$7:$H$256,"P6")) -> 0 | Z55: =X55+Y55 -> 0 | AA55: =IF(Z55>0,Z55+(201-49)/10^6,0) -> 0
C56: =IF(B56="","",TEXT(B56,"ddd")) | E56: =IF(D56="","",IFERROR(INDEX(ProjNumbers,MATCH(D56,ProjNames,0)),"")) | F56: =IF(D56="","",IFERROR(INDEX(ProjCodes,MATCH(D56,ProjNames,0)),"")) | J56: =IF(COUNTA(B56,D56,G56,H56,I56)=0,"",IF(B56="","Enter date",IF(OR(B56<$AC$2,B56>$AC$3),"Date not in January",IF(D56="","Pick project",IF(ISNA(MATCH(D56,ProjNames,0)),"Project not in list",IF(G56="","Add task description",IF(H56="","Pick NTIME or P6",IF(N(I56)<=0,"Enter hours",IF(AND(AllowOT<>"Yes",SUMIF($B$7:$B$256,B56,$I$7:$I$256)>INDEX($O$58:$O$88,DAY(B56))),"Day over "&INDEX($O$58:$O$88,DAY(B56))&" h","✓"))))))))) | L56: DAILY SUMMARY | W56: =IF(Projects!B54="","",Projects!B54) | X56: =IF(W56="",0,SUMIFS($I$7:$I$256,$D$7:$D$256,W56,$H$7:$H$256,"NTIME")) -> 0 | Y56: =IF(W56="",0,SUMIFS($I$7:$I$256,$D$7:$D$256,W56,$H$7:$H$256,"P6")) -> 0 | Z56: =X56+Y56 -> 0 | AA56: =IF(Z56>0,Z56+(201-50)/10^6,0) -> 0
C57: =IF(B57="","",TEXT(B57,"ddd")) | E57: =IF(D57="","",IFERROR(INDEX(ProjNumbers,MATCH(D57,ProjNames,0)),"")) | F57: =IF(D57="","",IFERROR(INDEX(ProjCodes,MATCH(D57,ProjNames,0)),"")) | J57: =IF(COUNTA(B57,D57,G57,H57,I57)=0,"",IF(B57="","Enter date",IF(OR(B57<$AC$2,B57>$AC$3),"Date not in January",IF(D57="","Pick project",IF(ISNA(MATCH(D57,ProjNames,0)),"Project not in list",IF(G57="","Add task description",IF(H57="","Pick NTIME or P6",IF(N(I57)<=0,"Enter hours",IF(AND(AllowOT<>"Yes",SUMIF($B$7:$B$256,B57,$I$7:$I$256)>INDEX($O$58:$O$88,DAY(B57))),"Day over "&INDEX($O$58:$O$88,DAY(B57))&" h","✓"))))))))) | L57: Date | M57: Day | N57: Day Type | O57: Available | P57: NTIME | Q57: P6 | R57: Overhead | S57: Overtime | T57: Total | U57: Status | W57: =IF(Projects!B55="","",Projects!B55) | X57: =IF(W57="",0,SUMIFS($I$7:$I$256,$D$7:$D$256,W57,$H$7:$H$256,"NTIME")) -> 0 | Y57: =IF(W57="",0,SUMIFS($I$7:$I$256,$D$7:$D$256,W57,$H$7:$H$256,"P6")) -> 0 | Z57: =X57+Y57 -> 0 | AA57: =IF(Z57>0,Z57+(201-51)/10^6,0) -> 0
C58: =IF(B58="","",TEXT(B58,"ddd")) | E58: =IF(D58="","",IFERROR(INDEX(ProjNumbers,MATCH(D58,ProjNames,0)),"")) | F58: =IF(D58="","",IFERROR(INDEX(ProjCodes,MATCH(D58,ProjNames,0)),"")) | J58: =IF(COUNTA(B58,D58,G58,H58,I58)=0,"",IF(B58="","Enter date",IF(OR(B58<$AC$2,B58>$AC$3),"Date not in January",IF(D58="","Pick project",IF(ISNA(MATCH(D58,ProjNames,0)),"Project not in list",IF(G58="","Add task description",IF(H58="","Pick NTIME or P6",IF(N(I58)<=0,"Enter hours",IF(AND(AllowOT<>"Yes",SUMIF($B$7:$B$256,B58,$I$7:$I$256)>INDEX($O$58:$O$88,DAY(B58))),"Day over "&INDEX($O$58:$O$88,DAY(B58))&" h","✓"))))))))) | L58: 46023 | M58: =TEXT(L58,"ddd") -> Thu | N58: Working | O58: =AvailHours -> 8 | P58: =SUMIFS($I$7:$I$256,$B$7:$B$256,L58,$H$7:$H$256,"NTIME") -> 0 | Q58: =SUMIFS($I$7:$I$256,$B$7:$B$256,L58,$H$7:$H$256,"P6") -> 0 | R58: =IF(N58="Overhead only",O58,IF(AND(N58="Working",P58+Q58>0),MAX(0,O58-P58-Q58),0)) -> 0 | S58: =IF(OR(N58="Working",N58="Overhead only"),MAX(0,P58+Q58-O58),0) -> 0 | T58: =P58+Q58+R58 -> 0 | U58: =IF(N58="Working",IF(P58+Q58=0,IF(L58<=TODAY(),"Not logged",""),IF(P58+Q58>O58,IF(AllowOT="Yes","Overtime","Over "&O58&" h!"),"✓")),IF(N58="Overhead only","✓ Overhead day",IF(P58+Q58>0,"Entries on "&LOWER(N58)&" day",N58))) -> Not logged | W58: =IF(Projects!B56="","",Projects!B56) | X58: =IF(W58="",0,SUMIFS($I$7:$I$256,$D$7:$D$256,W58,$H$7:$H$256,"NTIME")) -> 0 | Y58: =IF(W58="",0,SUMIFS($I$7:$I$256,$D$7:$D$256,W58,$H$7:$H$256,"P6")) -> 0 | Z58: =X58+Y58 -> 0 | AA58: =IF(Z58>0,Z58+(201-52)/10^6,0) -> 0
C59: =IF(B59="","",TEXT(B59,"ddd")) | E59: =IF(D59="","",IFERROR(INDEX(ProjNumbers,MATCH(D59,ProjNames,0)),"")) | F59: =IF(D59="","",IFERROR(INDEX(ProjCodes,MATCH(D59,ProjNames,0)),"")) | J59: =IF(COUNTA(B59,D59,G59,H59,I59)=0,"",IF(B59="","Enter date",IF(OR(B59<$AC$2,B59>$AC$3),"Date not in January",IF(D59="","Pick project",IF(ISNA(MATCH(D59,ProjNames,0)),"Project not in list",IF(G59="","Add task description",IF(H59="","Pick NTIME or P6",IF(N(I59)<=0,"Enter hours",IF(AND(AllowOT<>"Yes",SUMIF($B$7:$B$256,B59,$I$7:$I$256)>INDEX($O$58:$O$88,DAY(B59))),"Day over "&INDEX($O$58:$O$88,DAY(B59))&" h","✓"))))))))) | L59: 46024 | M59: =TEXT(L59,"ddd") -> Fri | N59: Working | O59: =AvailHours -> 8 | P59: =SUMIFS($I$7:$I$256,$B$7:$B$256,L59,$H$7:$H$256,"NTIME") -> 0 | Q59: =SUMIFS($I$7:$I$256,$B$7:$B$256,L59,$H$7:$H$256,"P6") -> 0 | R59: =IF(N59="Overhead only",O59,IF(AND(N59="Working",P59+Q59>0),MAX(0,O59-P59-Q59),0)) -> 0 | S59: =IF(OR(N59="Working",N59="Overhead only"),MAX(0,P59+Q59-O59),0) -> 0 | T59: =P59+Q59+R59 -> 0 | U59: =IF(N59="Working",IF(P59+Q59=0,IF(L59<=TODAY(),"Not logged",""),IF(P59+Q59>O59,IF(AllowOT="Yes","Overtime","Over "&O59&" h!"),"✓")),IF(N59="Overhead only","✓ Overhead day",IF(P59+Q59>0,"Entries on "&LOWER(N59)&" day",N59))) -> Not logged | W59: =IF(Projects!B57="","",Projects!B57) | X59: =IF(W59="",0,SUMIFS($I$7:$I$256,$D$7:$D$256,W59,$H$7:$H$256,"NTIME")) -> 0 | Y59: =IF(W59="",0,SUMIFS($I$7:$I$256,$D$7:$D$256,W59,$H$7:$H$256,"P6")) -> 0 | Z59: =X59+Y59 -> 0 | AA59: =IF(Z59>0,Z59+(201-53)/10^6,0) -> 0
C60: =IF(B60="","",TEXT(B60,"ddd")) | E60: =IF(D60="","",IFERROR(INDEX(ProjNumbers,MATCH(D60,ProjNames,0)),"")) | F60: =IF(D60="","",IFERROR(INDEX(ProjCodes,MATCH(D60,ProjNames,0)),"")) | J60: =IF(COUNTA(B60,D60,G60,H60,I60)=0,"",IF(B60="","Enter date",IF(OR(B60<$AC$2,B60>$AC$3),"Date not in January",IF(D60="","Pick project",IF(ISNA(MATCH(D60,ProjNames,0)),"Project not in list",IF(G60="","Add task description",IF(H60="","Pick NTIME or P6",IF(N(I60)<=0,"Enter hours",IF(AND(AllowOT<>"Yes",SUMIF($B$7:$B$256,B60,$I$7:$I$256)>INDEX($O$58:$O$88,DAY(B60))),"Day over "&INDEX($O$58:$O$88,DAY(B60))&" h","✓"))))))))) | L60: 46025 | M60: =TEXT(L60,"ddd") -> Sat | N60: Weekend | O60: =AvailHours -> 8 | P60: =SUMIFS($I$7:$I$256,$B$7:$B$256,L60,$H$7:$H$256,"NTIME") -> 0 | Q60: =SUMIFS($I$7:$I$256,$B$7:$B$256,L60,$H$7:$H$256,"P6") -> 0 | R60: =IF(N60="Overhead only",O60,IF(AND(N60="Working",P60+Q60>0),MAX(0,O60-P60-Q60),0)) -> 0 | S60: =IF(OR(N60="Working",N60="Overhead only"),MAX(0,P60+Q60-O60),0) -> 0 | T60: =P60+Q60+R60 -> 0 | U60: =IF(N60="Working",IF(P60+Q60=0,IF(L60<=TODAY(),"Not logged",""),IF(P60+Q60>O60,IF(AllowOT="Yes","Overtime","Over "&O60&" h!"),"✓")),IF(N60="Overhead only","✓ Overhead day",IF(P60+Q60>0,"Entries on "&LOWER(N60)&" day",N60))) -> Weekend | W60: =IF(Projects!B58="","",Projects!B58) | X60: =IF(W60="",0,SUMIFS($I$7:$I$256,$D$7:$D$256,W60,$H$7:$H$256,"NTIME")) -> 0 | Y60: =IF(W60="",0,SUMIFS($I$7:$I$256,$D$7:$D$256,W60,$H$7:$H$256,"P6")) -> 0 | Z60: =X60+Y60 -> 0 | AA60: =IF(Z60>0,Z60+(201-54)/10^6,0) -> 0
C61: =IF(B61="","",TEXT(B61,"ddd")) | E61: =IF(D61="","",IFERROR(INDEX(ProjNumbers,MATCH(D61,ProjNames,0)),"")) | F61: =IF(D61="","",IFERROR(INDEX(ProjCodes,MATCH(D61,ProjNames,0)),"")) | J61: =IF(COUNTA(B61,D61,G61,H61,I61)=0,"",IF(B61="","Enter date",IF(OR(B61<$AC$2,B61>$AC$3),"Date not in January",IF(D61="","Pick project",IF(ISNA(MATCH(D61,ProjNames,0)),"Project not in list",IF(G61="","Add task description",IF(H61="","Pick NTIME or P6",IF(N(I61)<=0,"Enter hours",IF(AND(AllowOT<>"Yes",SUMIF($B$7:$B$256,B61,$I$7:$I$256)>INDEX($O$58:$O$88,DAY(B61))),"Day over "&INDEX($O$58:$O$88,DAY(B61))&" h","✓"))))))))) | L61: 46026 | M61: =TEXT(L61,"ddd") -> Sun | N61: Weekend | O61: =AvailHours -> 8 | P61: =SUMIFS($I$7:$I$256,$B$7:$B$256,L61,$H$7:$H$256,"NTIME") -> 0 | Q61: =SUMIFS($I$7:$I$256,$B$7:$B$256,L61,$H$7:$H$256,"P6") -> 0 | R61: =IF(N61="Overhead only",O61,IF(AND(N61="Working",P61+Q61>0),MAX(0,O61-P61-Q61),0)) -> 0 | S61: =IF(OR(N61="Working",N61="Overhead only"),MAX(0,P61+Q61-O61),0) -> 0 | T61: =P61+Q61+R61 -> 0 | U61: =IF(N61="Working",IF(P61+Q61=0,IF(L61<=TODAY(),"Not logged",""),IF(P61+Q61>O61,IF(AllowOT="Yes","Overtime","Over "&O61&" h!"),"✓")),IF(N61="Overhead only","✓ Overhead day",IF(P61+Q61>0,"Entries on "&LOWER(N61)&" day",N61))) -> Weekend | W61: =IF(Projects!B59="","",Projects!B59) | X61: =IF(W61="",0,SUMIFS($I$7:$I$256,$D$7:$D$256,W61,$H$7:$H$256,"NTIME")) -> 0 | Y61: =IF(W61="",0,SUMIFS($I$7:$I$256,$D$7:$D$256,W61,$H$7:$H$256,"P6")) -> 0 | Z61: =X61+Y61 -> 0 | AA61: =IF(Z61>0,Z61+(201-55)/10^6,0) -> 0
C62: =IF(B62="","",TEXT(B62,"ddd")) | E62: =IF(D62="","",IFERROR(INDEX(ProjNumbers,MATCH(D62,ProjNames,0)),"")) | F62: =IF(D62="","",IFERROR(INDEX(ProjCodes,MATCH(D62,ProjNames,0)),"")) | J62: =IF(COUNTA(B62,D62,G62,H62,I62)=0,"",IF(B62="","Enter date",IF(OR(B62<$AC$2,B62>$AC$3),"Date not in January",IF(D62="","Pick project",IF(ISNA(MATCH(D62,ProjNames,0)),"Project not in list",IF(G62="","Add task description",IF(H62="","Pick NTIME or P6",IF(N(I62)<=0,"Enter hours",IF(AND(AllowOT<>"Yes",SUMIF($B$7:$B$256,B62,$I$7:$I$256)>INDEX($O$58:$O$88,DAY(B62))),"Day over "&INDEX($O$58:$O$88,DAY(B62))&" h","✓"))))))))) | L62: 46027 | M62: =TEXT(L62,"ddd") -> Mon | N62: Working | O62: =AvailHours -> 8 | P62: =SUMIFS($I$7:$I$256,$B$7:$B$256,L62,$H$7:$H$256,"NTIME") -> 0 | Q62: =SUMIFS($I$7:$I$256,$B$7:$B$256,L62,$H$7:$H$256,"P6") -> 0 | R62: =IF(N62="Overhead only",O62,IF(AND(N62="Working",P62+Q62>0),MAX(0,O62-P62-Q62),0)) -> 0 | S62: =IF(OR(N62="Working",N62="Overhead only"),MAX(0,P62+Q62-O62),0) -> 0 | T62: =P62+Q62+R62 -> 0 | U62: =IF(N62="Working",IF(P62+Q62=0,IF(L62<=TODAY(),"Not logged",""),IF(P62+Q62>O62,IF(AllowOT="Yes","Overtime","Over "&O62&" h!"),"✓")),IF(N62="Overhead only","✓ Overhead day",IF(P62+Q62>0,"Entries on "&LOWER(N62)&" day",N62))) -> Not logged | W62: =IF(Projects!B60="","",Projects!B60) | X62: =IF(W62="",0,SUMIFS($I$7:$I$256,$D$7:$D$256,W62,$H$7:$H$256,"NTIME")) -> 0 | Y62: =IF(W62="",0,SUMIFS($I$7:$I$256,$D$7:$D$256,W62,$H$7:$H$256,"P6")) -> 0 | Z62: =X62+Y62 -> 0 | AA62: =IF(Z62>0,Z62+(201-56)/10^6,0) -> 0
C63: =IF(B63="","",TEXT(B63,"ddd")) | E63: =IF(D63="","",IFERROR(INDEX(ProjNumbers,MATCH(D63,ProjNames,0)),"")) | F63: =IF(D63="","",IFERROR(INDEX(ProjCodes,MATCH(D63,ProjNames,0)),"")) | J63: =IF(COUNTA(B63,D63,G63,H63,I63)=0,"",IF(B63="","Enter date",IF(OR(B63<$AC$2,B63>$AC$3),"Date not in January",IF(D63="","Pick project",IF(ISNA(MATCH(D63,ProjNames,0)),"Project not in list",IF(G63="","Add task description",IF(H63="","Pick NTIME or P6",IF(N(I63)<=0,"Enter hours",IF(AND(AllowOT<>"Yes",SUMIF($B$7:$B$256,B63,$I$7:$I$256)>INDEX($O$58:$O$88,DAY(B63))),"Day over "&INDEX($O$58:$O$88,DAY(B63))&" h","✓"))))))))) | L63: 46028 | M63: =TEXT(L63,"ddd") -> Tue | N63: Working | O63: =AvailHours -> 8 | P63: =SUMIFS($I$7:$I$256,$B$7:$B$256,L63,$H$7:$H$256,"NTIME") -> 0 | Q63: =SUMIFS($I$7:$I$256,$B$7:$B$256,L63,$H$7:$H$256,"P6") -> 0 | R63: =IF(N63="Overhead only",O63,IF(AND(N63="Working",P63+Q63>0),MAX(0,O63-P63-Q63),0)) -> 0 | S63: =IF(OR(N63="Working",N63="Overhead only"),MAX(0,P63+Q63-O63),0) -> 0 | T63: =P63+Q63+R63 -> 0 | U63: =IF(N63="Working",IF(P63+Q63=0,IF(L63<=TODAY(),"Not logged",""),IF(P63+Q63>O63,IF(AllowOT="Yes","Overtime","Over "&O63&" h!"),"✓")),IF(N63="Overhead only","✓ Overhead day",IF(P63+Q63>0,"Entries on "&LOWER(N63)&" day",N63))) -> Not logged | W63: =IF(Projects!B61="","",Projects!B61) | X63: =IF(W63="",0,SUMIFS($I$7:$I$256,$D$7:$D$256,W63,$H$7:$H$256,"NTIME")) -> 0 | Y63: =IF(W63="",0,SUMIFS($I$7:$I$256,$D$7:$D$256,W63,$H$7:$H$256,"P6")) -> 0 | Z63: =X63+Y63 -> 0 | AA63: =IF(Z63>0,Z63+(201-57)/10^6,0) -> 0
C64: =IF(B64="","",TEXT(B64,"ddd")) | E64: =IF(D64="","",IFERROR(INDEX(ProjNumbers,MATCH(D64,ProjNames,0)),"")) | F64: =IF(D64="","",IFERROR(INDEX(ProjCodes,MATCH(D64,ProjNames,0)),"")) | J64: =IF(COUNTA(B64,D64,G64,H64,I64)=0,"",IF(B64="","Enter date",IF(OR(B64<$AC$2,B64>$AC$3),"Date not in January",IF(D64="","Pick project",IF(ISNA(MATCH(D64,ProjNames,0)),"Project not in list",IF(G64="","Add task description",IF(H64="","Pick NTIME or P6",IF(N(I64)<=0,"Enter hours",IF(AND(AllowOT<>"Yes",SUMIF($B$7:$B$256,B64,$I$7:$I$256)>INDEX($O$58:$O$88,DAY(B64))),"Day over "&INDEX($O$58:$O$88,DAY(B64))&" h","✓"))))))))) | L64: 46029 | M64: =TEXT(L64,"ddd") -> Wed | N64: Working | O64: =AvailHours -> 8 | P64: =SUMIFS($I$7:$I$256,$B$7:$B$256,L64,$H$7:$H$256,"NTIME") -> 0 | Q64: =SUMIFS($I$7:$I$256,$B$7:$B$256,L64,$H$7:$H$256,"P6") -> 0 | R64: =IF(N64="Overhead only",O64,IF(AND(N64="Working",P64+Q64>0),MAX(0,O64-P64-Q64),0)) -> 0 | S64: =IF(OR(N64="Working",N64="Overhead only"),MAX(0,P64+Q64-O64),0) -> 0 | T64: =P64+Q64+R64 -> 0 | U64: =IF(N64="Working",IF(P64+Q64=0,IF(L64<=TODAY(),"Not logged",""),IF(P64+Q64>O64,IF(AllowOT="Yes","Overtime","Over "&O64&" h!"),"✓")),IF(N64="Overhead only","✓ Overhead day",IF(P64+Q64>0,"Entries on "&LOWER(N64)&" day",N64))) -> Not logged | W64: =IF(Projects!B62="","",Projects!B62) | X64: =IF(W64="",0,SUMIFS($I$7:$I$256,$D$7:$D$256,W64,$H$7:$H$256,"NTIME")) -> 0 | Y64: =IF(W64="",0,SUMIFS($I$7:$I$256,$D$7:$D$256,W64,$H$7:$H$256,"P6")) -> 0 | Z64: =X64+Y64 -> 0 | AA64: =IF(Z64>0,Z64+(201-58)/10^6,0) -> 0
C65: =IF(B65="","",TEXT(B65,"ddd")) | E65: =IF(D65="","",IFERROR(INDEX(ProjNumbers,MATCH(D65,ProjNames,0)),"")) | F65: =IF(D65="","",IFERROR(INDEX(ProjCodes,MATCH(D65,ProjNames,0)),"")) | J65: =IF(COUNTA(B65,D65,G65,H65,I65)=0,"",IF(B65="","Enter date",IF(OR(B65<$AC$2,B65>$AC$3),"Date not in January",IF(D65="","Pick project",IF(ISNA(MATCH(D65,ProjNames,0)),"Project not in list",IF(G65="","Add task description",IF(H65="","Pick NTIME or P6",IF(N(I65)<=0,"Enter hours",IF(AND(AllowOT<>"Yes",SUMIF($B$7:$B$256,B65,$I$7:$I$256)>INDEX($O$58:$O$88,DAY(B65))),"Day over "&INDEX($O$58:$O$88,DAY(B65))&" h","✓"))))))))) | L65: 46030 | M65: =TEXT(L65,"ddd") -> Thu | N65: Working | O65: =AvailHours -> 8 | P65: =SUMIFS($I$7:$I$256,$B$7:$B$256,L65,$H$7:$H$256,"NTIME") -> 0 | Q65: =SUMIFS($I$7:$I$256,$B$7:$B$256,L65,$H$7:$H$256,"P6") -> 0 | R65: =IF(N65="Overhead only",O65,IF(AND(N65="Working",P65+Q65>0),MAX(0,O65-P65-Q65),0)) -> 0 | S65: =IF(OR(N65="Working",N65="Overhead only"),MAX(0,P65+Q65-O65),0) -> 0 | T65: =P65+Q65+R65 -> 0 | U65: =IF(N65="Working",IF(P65+Q65=0,IF(L65<=TODAY(),"Not logged",""),IF(P65+Q65>O65,IF(AllowOT="Yes","Overtime","Over "&O65&" h!"),"✓")),IF(N65="Overhead only","✓ Overhead day",IF(P65+Q65>0,"Entries on "&LOWER(N65)&" day",N65))) -> Not logged | W65: =IF(Projects!B63="","",Projects!B63) | X65: =IF(W65="",0,SUMIFS($I$7:$I$256,$D$7:$D$256,W65,$H$7:$H$256,"NTIME")) -> 0 | Y65: =IF(W65="",0,SUMIFS($I$7:$I$256,$D$7:$D$256,W65,$H$7:$H$256,"P6")) -> 0 | Z65: =X65+Y65 -> 0 | AA65: =IF(Z65>0,Z65+(201-59)/10^6,0) -> 0
C66: =IF(B66="","",TEXT(B66,"ddd")) | E66: =IF(D66="","",IFERROR(INDEX(ProjNumbers,MATCH(D66,ProjNames,0)),"")) | F66: =IF(D66="","",IFERROR(INDEX(ProjCodes,MATCH(D66,ProjNames,0)),"")) | J66: =IF(COUNTA(B66,D66,G66,H66,I66)=0,"",IF(B66="","Enter date",IF(OR(B66<$AC$2,B66>$AC$3),"Date not in January",IF(D66="","Pick project",IF(ISNA(MATCH(D66,ProjNames,0)),"Project not in list",IF(G66="","Add task description",IF(H66="","Pick NTIME or P6",IF(N(I66)<=0,"Enter hours",IF(AND(AllowOT<>"Yes",SUMIF($B$7:$B$256,B66,$I$7:$I$256)>INDEX($O$58:$O$88,DAY(B66))),"Day over "&INDEX($O$58:$O$88,DAY(B66))&" h","✓"))))))))) | L66: 46031 | M66: =TEXT(L66,"ddd") -> Fri | N66: Working | O66: =AvailHours -> 8 | P66: =SUMIFS($I$7:$I$256,$B$7:$B$256,L66,$H$7:$H$256,"NTIME") -> 0 | Q66: =SUMIFS($I$7:$I$256,$B$7:$B$256,L66,$H$7:$H$256,"P6") -> 0 | R66: =IF(N66="Overhead only",O66,IF(AND(N66="Working",P66+Q66>0),MAX(0,O66-P66-Q66),0)) -> 0 | S66: =IF(OR(N66="Working",N66="Overhead only"),MAX(0,P66+Q66-O66),0) -> 0 | T66: =P66+Q66+R66 -> 0 | U66: =IF(N66="Working",IF(P66+Q66=0,IF(L66<=TODAY(),"Not logged",""),IF(P66+Q66>O66,IF(AllowOT="Yes","Overtime","Over "&O66&" h!"),"✓")),IF(N66="Overhead only","✓ Overhead day",IF(P66+Q66>0,"Entries on "&LOWER(N66)&" day",N66))) -> Not logged | W66: =IF(Projects!B64="","",Projects!B64) | X66: =IF(W66="",0,SUMIFS($I$7:$I$256,$D$7:$D$256,W66,$H$7:$H$256,"NTIME")) -> 0 | Y66: =IF(W66="",0,SUMIFS($I$7:$I$256,$D$7:$D$256,W66,$H$7:$H$256,"P6")) -> 0 | Z66: =X66+Y66 -> 0 | AA66: =IF(Z66>0,Z66+(201-60)/10^6,0) -> 0
C67: =IF(B67="","",TEXT(B67,"ddd")) | E67: =IF(D67="","",IFERROR(INDEX(ProjNumbers,MATCH(D67,ProjNames,0)),"")) | F67: =IF(D67="","",IFERROR(INDEX(ProjCodes,MATCH(D67,ProjNames,0)),"")) | J67: =IF(COUNTA(B67,D67,G67,H67,I67)=0,"",IF(B67="","Enter date",IF(OR(B67<$AC$2,B67>$AC$3),"Date not in January",IF(D67="","Pick project",IF(ISNA(MATCH(D67,ProjNames,0)),"Project not in list",IF(G67="","Add task description",IF(H67="","Pick NTIME or P6",IF(N(I67)<=0,"Enter hours",IF(AND(AllowOT<>"Yes",SUMIF($B$7:$B$256,B67,$I$7:$I$256)>INDEX($O$58:$O$88,DAY(B67))),"Day over "&INDEX($O$58:$O$88,DAY(B67))&" h","✓"))))))))) | L67: 46032 | M67: =TEXT(L67,"ddd") -> Sat | N67: Weekend | O67: =AvailHours -> 8 | P67: =SUMIFS($I$7:$I$256,$B$7:$B$256,L67,$H$7:$H$256,"NTIME") -> 0 | Q67: =SUMIFS($I$7:$I$256,$B$7:$B$256,L67,$H$7:$H$256,"P6") -> 0 | R67: =IF(N67="Overhead only",O67,IF(AND(N67="Working",P67+Q67>0),MAX(0,O67-P67-Q67),0)) -> 0 | S67: =IF(OR(N67="Working",N67="Overhead only"),MAX(0,P67+Q67-O67),0) -> 0 | T67: =P67+Q67+R67 -> 0 | U67: =IF(N67="Working",IF(P67+Q67=0,IF(L67<=TODAY(),"Not logged",""),IF(P67+Q67>O67,IF(AllowOT="Yes","Overtime","Over "&O67&" h!"),"✓")),IF(N67="Overhead only","✓ Overhead day",IF(P67+Q67>0,"Entries on "&LOWER(N67)&" day",N67))) -> Weekend | W67: =IF(Projects!B65="","",Projects!B65) | X67: =IF(W67="",0,SUMIFS($I$7:$I$256,$D$7:$D$256,W67,$H$7:$H$256,"NTIME")) -> 0 | Y67: =IF(W67="",0,SUMIFS($I$7:$I$256,$D$7:$D$256,W67,$H$7:$H$256,"P6")) -> 0 | Z67: =X67+Y67 -> 0 | AA67: =IF(Z67>0,Z67+(201-61)/10^6,0) -> 0
C68: =IF(B68="","",TEXT(B68,"ddd")) | E68: =IF(D68="","",IFERROR(INDEX(ProjNumbers,MATCH(D68,ProjNames,0)),"")) | F68: =IF(D68="","",IFERROR(INDEX(ProjCodes,MATCH(D68,ProjNames,0)),"")) | J68: =IF(COUNTA(B68,D68,G68,H68,I68)=0,"",IF(B68="","Enter date",IF(OR(B68<$AC$2,B68>$AC$3),"Date not in January",IF(D68="","Pick project",IF(ISNA(MATCH(D68,ProjNames,0)),"Project not in list",IF(G68="","Add task description",IF(H68="","Pick NTIME or P6",IF(N(I68)<=0,"Enter hours",IF(AND(AllowOT<>"Yes",SUMIF($B$7:$B$256,B68,$I$7:$I$256)>INDEX($O$58:$O$88,DAY(B68))),"Day over "&INDEX($O$58:$O$88,DAY(B68))&" h","✓"))))))))) | L68: 46033 | M68: =TEXT(L68,"ddd") -> Sun | N68: Weekend | O68: =AvailHours -> 8 | P68: =SUMIFS($I$7:$I$256,$B$7:$B$256,L68,$H$7:$H$256,"NTIME") -> 0 | Q68: =SUMIFS($I$7:$I$256,$B$7:$B$256,L68,$H$7:$H$256,"P6") -> 0 | R68: =IF(N68="Overhead only",O68,IF(AND(N68="Working",P68+Q68>0),MAX(0,O68-P68-Q68),0)) -> 0 | S68: =IF(OR(N68="Working",N68="Overhead only"),MAX(0,P68+Q68-O68),0) -> 0 | T68: =P68+Q68+R68 -> 0 | U68: =IF(N68="Working",IF(P68+Q68=0,IF(L68<=TODAY(),"Not logged",""),IF(P68+Q68>O68,IF(AllowOT="Yes","Overtime","Over "&O68&" h!"),"✓")),IF(N68="Overhead only","✓ Overhead day",IF(P68+Q68>0,"Entries on "&LOWER(N68)&" day",N68))) -> Weekend | W68: =IF(Projects!B66="","",Projects!B66) | X68: =IF(W68="",0,SUMIFS($I$7:$I$256,$D$7:$D$256,W68,$H$7:$H$256,"NTIME")) -> 0 | Y68: =IF(W68="",0,SUMIFS($I$7:$I$256,$D$7:$D$256,W68,$H$7:$H$256,"P6")) -> 0 | Z68: =X68+Y68 -> 0 | AA68: =IF(Z68>0,Z68+(201-62)/10^6,0) -> 0
C69: =IF(B69="","",TEXT(B69,"ddd")) | E69: =IF(D69="","",IFERROR(INDEX(ProjNumbers,MATCH(D69,ProjNames,0)),"")) | F69: =IF(D69="","",IFERROR(INDEX(ProjCodes,MATCH(D69,ProjNames,0)),"")) | J69: =IF(COUNTA(B69,D69,G69,H69,I69)=0,"",IF(B69="","Enter date",IF(OR(B69<$AC$2,B69>$AC$3),"Date not in January",IF(D69="","Pick project",IF(ISNA(MATCH(D69,ProjNames,0)),"Project not in list",IF(G69="","Add task description",IF(H69="","Pick NTIME or P6",IF(N(I69)<=0,"Enter hours",IF(AND(AllowOT<>"Yes",SUMIF($B$7:$B$256,B69,$I$7:$I$256)>INDEX($O$58:$O$88,DAY(B69))),"Day over "&INDEX($O$58:$O$88,DAY(B69))&" h","✓"))))))))) | L69: 46034 | M69: =TEXT(L69,"ddd") -> Mon | N69: Working | O69: =AvailHours -> 8 | P69: =SUMIFS($I$7:$I$256,$B$7:$B$256,L69,$H$7:$H$256,"NTIME") -> 0 | Q69: =SUMIFS($I$7:$I$256,$B$7:$B$256,L69,$H$7:$H$256,"P6") -> 0 | R69: =IF(N69="Overhead only",O69,IF(AND(N69="Working",P69+Q69>0),MAX(0,O69-P69-Q69),0)) -> 0 | S69: =IF(OR(N69="Working",N69="Overhead only"),MAX(0,P69+Q69-O69),0) -> 0 | T69: =P69+Q69+R69 -> 0 | U69: =IF(N69="Working",IF(P69+Q69=0,IF(L69<=TODAY(),"Not logged",""),IF(P69+Q69>O69,IF(AllowOT="Yes","Overtime","Over "&O69&" h!"),"✓")),IF(N69="Overhead only","✓ Overhead day",IF(P69+Q69>0,"Entries on "&LOWER(N69)&" day",N69))) -> Not logged | W69: =IF(Projects!B67="","",Projects!B67) | X69: =IF(W69="",0,SUMIFS($I$7:$I$256,$D$7:$D$256,W69,$H$7:$H$256,"NTIME")) -> 0 | Y69: =IF(W69="",0,SUMIFS($I$7:$I$256,$D$7:$D$256,W69,$H$7:$H$256,"P6")) -> 0 | Z69: =X69+Y69 -> 0 | AA69: =IF(Z69>0,Z69+(201-63)/10^6,0) -> 0
C70: =IF(B70="","",TEXT(B70,"ddd")) | E70: =IF(D70="","",IFERROR(INDEX(ProjNumbers,MATCH(D70,ProjNames,0)),"")) | F70: =IF(D70="","",IFERROR(INDEX(ProjCodes,MATCH(D70,ProjNames,0)),"")) | J70: =IF(COUNTA(B70,D70,G70,H70,I70)=0,"",IF(B70="","Enter date",IF(OR(B70<$AC$2,B70>$AC$3),"Date not in January",IF(D70="","Pick project",IF(ISNA(MATCH(D70,ProjNames,0)),"Project not in list",IF(G70="","Add task description",IF(H70="","Pick NTIME or P6",IF(N(I70)<=0,"Enter hours",IF(AND(AllowOT<>"Yes",SUMIF($B$7:$B$256,B70,$I$7:$I$256)>INDEX($O$58:$O$88,DAY(B70))),"Day over "&INDEX($O$58:$O$88,DAY(B70))&" h","✓"))))))))) | L70: 46035 | M70: =TEXT(L70,"ddd") -> Tue | N70: Working | O70: =AvailHours -> 8 | P70: =SUMIFS($I$7:$I$256,$B$7:$B$256,L70,$H$7:$H$256,"NTIME") -> 0 | Q70: =SUMIFS($I$7:$I$256,$B$7:$B$256,L70,$H$7:$H$256,"P6") -> 0 | R70: =IF(N70="Overhead only",O70,IF(AND(N70="Working",P70+Q70>0),MAX(0,O70-P70-Q70),0)) -> 0 | S70: =IF(OR(N70="Working",N70="Overhead only"),MAX(0,P70+Q70-O70),0) -> 0 | T70: =P70+Q70+R70 -> 0 | U70: =IF(N70="Working",IF(P70+Q70=0,IF(L70<=TODAY(),"Not logged",""),IF(P70+Q70>O70,IF(AllowOT="Yes","Overtime","Over "&O70&" h!"),"✓")),IF(N70="Overhead only","✓ Overhead day",IF(P70+Q70>0,"Entries on "&LOWER(N70)&" day",N70))) -> Not logged | W70: =IF(Projects!B68="","",Projects!B68) | X70: =IF(W70="",0,SUMIFS($I$7:$I$256,$D$7:$D$256,W70,$H$7:$H$256,"NTIME")) -> 0 | Y70: =IF(W70="",0,SUMIFS($I$7:$I$256,$D$7:$D$256,W70,$H$7:$H$256,"P6")) -> 0 | Z70: =X70+Y70 -> 0 | AA70: =IF(Z70>0,Z70+(201-64)/10^6,0) -> 0
C71: =IF(B71="","",TEXT(B71,"ddd")) | E71: =IF(D71="","",IFERROR(INDEX(ProjNumbers,MATCH(D71,ProjNames,0)),"")) | F71: =IF(D71="","",IFERROR(INDEX(ProjCodes,MATCH(D71,ProjNames,0)),"")) | J71: =IF(COUNTA(B71,D71,G71,H71,I71)=0,"",IF(B71="","Enter date",IF(OR(B71<$AC$2,B71>$AC$3),"Date not in January",IF(D71="","Pick project",IF(ISNA(MATCH(D71,ProjNames,0)),"Project not in list",IF(G71="","Add task description",IF(H71="","Pick NTIME or P6",IF(N(I71)<=0,"Enter hours",IF(AND(AllowOT<>"Yes",SUMIF($B$7:$B$256,B71,$I$7:$I$256)>INDEX($O$58:$O$88,DAY(B71))),"Day over "&INDEX($O$58:$O$88,DAY(B71))&" h","✓"))))))))) | L71: 46036 | M71: =TEXT(L71,"ddd") -> Wed | N71: Working | O71: =AvailHours -> 8 | P71: =SUMIFS($I$7:$I$256,$B$7:$B$256,L71,$H$7:$H$256,"NTIME") -> 0 | Q71: =SUMIFS($I$7:$I$256,$B$7:$B$256,L71,$H$7:$H$256,"P6") -> 0 | R71: =IF(N71="Overhead only",O71,IF(AND(N71="Working",P71+Q71>0),MAX(0,O71-P71-Q71),0)) -> 0 | S71: =IF(OR(N71="Working",N71="Overhead only"),MAX(0,P71+Q71-O71),0) -> 0 | T71: =P71+Q71+R71 -> 0 | U71: =IF(N71="Working",IF(P71+Q71=0,IF(L71<=TODAY(),"Not logged",""),IF(P71+Q71>O71,IF(AllowOT="Yes","Overtime","Over "&O71&" h!"),"✓")),IF(N71="Overhead only","✓ Overhead day",IF(P71+Q71>0,"Entries on "&LOWER(N71)&" day",N71))) -> Not logged | W71: =IF(Projects!B69="","",Projects!B69) | X71: =IF(W71="",0,SUMIFS($I$7:$I$256,$D$7:$D$256,W71,$H$7:$H$256,"NTIME")) -> 0 | Y71: =IF(W71="",0,SUMIFS($I$7:$I$256,$D$7:$D$256,W71,$H$7:$H$256,"P6")) -> 0 | Z71: =X71+Y71 -> 0 | AA71: =IF(Z71>0,Z71+(201-65)/10^6,0) -> 0
C72: =IF(B72="","",TEXT(B72,"ddd")) | E72: =IF(D72="","",IFERROR(INDEX(ProjNumbers,MATCH(D72,ProjNames,0)),"")) | F72: =IF(D72="","",IFERROR(INDEX(ProjCodes,MATCH(D72,ProjNames,0)),"")) | J72: =IF(COUNTA(B72,D72,G72,H72,I72)=0,"",IF(B72="","Enter date",IF(OR(B72<$AC$2,B72>$AC$3),"Date not in January",IF(D72="","Pick project",IF(ISNA(MATCH(D72,ProjNames,0)),"Project not in list",IF(G72="","Add task description",IF(H72="","Pick NTIME or P6",IF(N(I72)<=0,"Enter hours",IF(AND(AllowOT<>"Yes",SUMIF($B$7:$B$256,B72,$I$7:$I$256)>INDEX($O$58:$O$88,DAY(B72))),"Day over "&INDEX($O$58:$O$88,DAY(B72))&" h","✓"))))))))) | L72: 46037 | M72: =TEXT(L72,"ddd") -> Thu | N72: Working | O72: =AvailHours -> 8 | P72: =SUMIFS($I$7:$I$256,$B$7:$B$256,L72,$H$7:$H$256,"NTIME") -> 0 | Q72: =SUMIFS($I$7:$I$256,$B$7:$B$256,L72,$H$7:$H$256,"P6") -> 0 | R72: =IF(N72="Overhead only",O72,IF(AND(N72="Working",P72+Q72>0),MAX(0,O72-P72-Q72),0)) -> 0 | S72: =IF(OR(N72="Working",N72="Overhead only"),MAX(0,P72+Q72-O72),0) -> 0 | T72: =P72+Q72+R72 -> 0 | U72: =IF(N72="Working",IF(P72+Q72=0,IF(L72<=TODAY(),"Not logged",""),IF(P72+Q72>O72,IF(AllowOT="Yes","Overtime","Over "&O72&" h!"),"✓")),IF(N72="Overhead only","✓ Overhead day",IF(P72+Q72>0,"Entries on "&LOWER(N72)&" day",N72))) -> Not logged | W72: =IF(Projects!B70="","",Projects!B70) | X72: =IF(W72="",0,SUMIFS($I$7:$I$256,$D$7:$D$256,W72,$H$7:$H$256,"NTIME")) -> 0 | Y72: =IF(W72="",0,SUMIFS($I$7:$I$256,$D$7:$D$256,W72,$H$7:$H$256,"P6")) -> 0 | Z72: =X72+Y72 -> 0 | AA72: =IF(Z72>0,Z72+(201-66)/10^6,0) -> 0
C73: =IF(B73="","",TEXT(B73,"ddd")) | E73: =IF(D73="","",IFERROR(INDEX(ProjNumbers,MATCH(D73,ProjNames,0)),"")) | F73: =IF(D73="","",IFERROR(INDEX(ProjCodes,MATCH(D73,ProjNames,0)),"")) | J73: =IF(COUNTA(B73,D73,G73,H73,I73)=0,"",IF(B73="","Enter date",IF(OR(B73<$AC$2,B73>$AC$3),"Date not in January",IF(D73="","Pick project",IF(ISNA(MATCH(D73,ProjNames,0)),"Project not in list",IF(G73="","Add task description",IF(H73="","Pick NTIME or P6",IF(N(I73)<=0,"Enter hours",IF(AND(AllowOT<>"Yes",SUMIF($B$7:$B$256,B73,$I$7:$I$256)>INDEX($O$58:$O$88,DAY(B73))),"Day over "&INDEX($O$58:$O$88,DAY(B73))&" h","✓"))))))))) | L73: 46038 | M73: =TEXT(L73,"ddd") -> Fri | N73: Working | O73: =AvailHours -> 8 | P73: =SUMIFS($I$7:$I$256,$B$7:$B$256,L73,$H$7:$H$256,"NTIME") -> 0 | Q73: =SUMIFS($I$7:$I$256,$B$7:$B$256,L73,$H$7:$H$256,"P6") -> 0 | R73: =IF(N73="Overhead only",O73,IF(AND(N73="Working",P73+Q73>0),MAX(0,O73-P73-Q73),0)) -> 0 | S73: =IF(OR(N73="Working",N73="Overhead only"),MAX(0,P73+Q73-O73),0) -> 0 | T73: =P73+Q73+R73 -> 0 | U73: =IF(N73="Working",IF(P73+Q73=0,IF(L73<=TODAY(),"Not logged",""),IF(P73+Q73>O73,IF(AllowOT="Yes","Overtime","Over "&O73&" h!"),"✓")),IF(N73="Overhead only","✓ Overhead day",IF(P73+Q73>0,"Entries on "&LOWER(N73)&" day",N73))) -> Not logged | W73: =IF(Projects!B71="","",Projects!B71) | X73: =IF(W73="",0,SUMIFS($I$7:$I$256,$D$7:$D$256,W73,$H$7:$H$256,"NTIME")) -> 0 | Y73: =IF(W73="",0,SUMIFS($I$7:$I$256,$D$7:$D$256,W73,$H$7:$H$256,"P6")) -> 0 | Z73: =X73+Y73 -> 0 | AA73: =IF(Z73>0,Z73+(201-67)/10^6,0) -> 0
C74: =IF(B74="","",TEXT(B74,"ddd")) | E74: =IF(D74="","",IFERROR(INDEX(ProjNumbers,MATCH(D74,ProjNames,0)),"")) | F74: =IF(D74="","",IFERROR(INDEX(ProjCodes,MATCH(D74,ProjNames,0)),"")) | J74: =IF(COUNTA(B74,D74,G74,H74,I74)=0,"",IF(B74="","Enter date",IF(OR(B74<$AC$2,B74>$AC$3),"Date not in January",IF(D74="","Pick project",IF(ISNA(MATCH(D74,ProjNames,0)),"Project not in list",IF(G74="","Add task description",IF(H74="","Pick NTIME or P6",IF(N(I74)<=0,"Enter hours",IF(AND(AllowOT<>"Yes",SUMIF($B$7:$B$256,B74,$I$7:$I$256)>INDEX($O$58:$O$88,DAY(B74))),"Day over "&INDEX($O$58:$O$88,DAY(B74))&" h","✓"))))))))) | L74: 46039 | M74: =TEXT(L74,"ddd") -> Sat | N74: Weekend | O74: =AvailHours -> 8 | P74: =SUMIFS($I$7:$I$256,$B$7:$B$256,L74,$H$7:$H$256,"NTIME") -> 0 | Q74: =SUMIFS($I$7:$I$256,$B$7:$B$256,L74,$H$7:$H$256,"P6") -> 0 | R74: =IF(N74="Overhead only",O74,IF(AND(N74="Working",P74+Q74>0),MAX(0,O74-P74-Q74),0)) -> 0 | S74: =IF(OR(N74="Working",N74="Overhead only"),MAX(0,P74+Q74-O74),0) -> 0 | T74: =P74+Q74+R74 -> 0 | U74: =IF(N74="Working",IF(P74+Q74=0,IF(L74<=TODAY(),"Not logged",""),IF(P74+Q74>O74,IF(AllowOT="Yes","Overtime","Over "&O74&" h!"),"✓")),IF(N74="Overhead only","✓ Overhead day",IF(P74+Q74>0,"Entries on "&LOWER(N74)&" day",N74))) -> Weekend | W74: =IF(Projects!B72="","",Projects!B72) | X74: =IF(W74="",0,SUMIFS($I$7:$I$256,$D$7:$D$256,W74,$H$7:$H$256,"NTIME")) -> 0 | Y74: =IF(W74="",0,SUMIFS($I$7:$I$256,$D$7:$D$256,W74,$H$7:$H$256,"P6")) -> 0 | Z74: =X74+Y74 -> 0 | AA74: =IF(Z74>0,Z74+(201-68)/10^6,0) -> 0
C75: =IF(B75="","",TEXT(B75,"ddd")) | E75: =IF(D75="","",IFERROR(INDEX(ProjNumbers,MATCH(D75,ProjNames,0)),"")) | F75: =IF(D75="","",IFERROR(INDEX(ProjCodes,MATCH(D75,ProjNames,0)),"")) | J75: =IF(COUNTA(B75,D75,G75,H75,I75)=0,"",IF(B75="","Enter date",IF(OR(B75<$AC$2,B75>$AC$3),"Date not in January",IF(D75="","Pick project",IF(ISNA(MATCH(D75,ProjNames,0)),"Project not in list",IF(G75="","Add task description",IF(H75="","Pick NTIME or P6",IF(N(I75)<=0,"Enter hours",IF(AND(AllowOT<>"Yes",SUMIF($B$7:$B$256,B75,$I$7:$I$256)>INDEX($O$58:$O$88,DAY(B75))),"Day over "&INDEX($O$58:$O$88,DAY(B75))&" h","✓"))))))))) | L75: 46040 | M75: =TEXT(L75,"ddd") -> Sun | N75: Weekend | O75: =AvailHours -> 8 | P75: =SUMIFS($I$7:$I$256,$B$7:$B$256,L75,$H$7:$H$256,"NTIME") -> 0 | Q75: =SUMIFS($I$7:$I$256,$B$7:$B$256,L75,$H$7:$H$256,"P6") -> 0 | R75: =IF(N75="Overhead only",O75,IF(AND(N75="Working",P75+Q75>0),MAX(0,O75-P75-Q75),0)) -> 0 | S75: =IF(OR(N75="Working",N75="Overhead only"),MAX(0,P75+Q75-O75),0) -> 0 | T75: =P75+Q75+R75 -> 0 | U75: =IF(N75="Working",IF(P75+Q75=0,IF(L75<=TODAY(),"Not logged",""),IF(P75+Q75>O75,IF(AllowOT="Yes","Overtime","Over "&O75&" h!"),"✓")),IF(N75="Overhead only","✓ Overhead day",IF(P75+Q75>0,"Entries on "&LOWER(N75)&" day",N75))) -> Weekend | W75: =IF(Projects!B73="","",Projects!B73) | X75: =IF(W75="",0,SUMIFS($I$7:$I$256,$D$7:$D$256,W75,$H$7:$H$256,"NTIME")) -> 0 | Y75: =IF(W75="",0,SUMIFS($I$7:$I$256,$D$7:$D$256,W75,$H$7:$H$256,"P6")) -> 0 | Z75: =X75+Y75 -> 0 | AA75: =IF(Z75>0,Z75+(201-69)/10^6,0) -> 0
C76: =IF(B76="","",TEXT(B76,"ddd")) | E76: =IF(D76="","",IFERROR(INDEX(ProjNumbers,MATCH(D76,ProjNames,0)),"")) | F76: =IF(D76="","",IFERROR(INDEX(ProjCodes,MATCH(D76,ProjNames,0)),"")) | J76: =IF(COUNTA(B76,D76,G76,H76,I76)=0,"",IF(B76="","Enter date",IF(OR(B76<$AC$2,B76>$AC$3),"Date not in January",IF(D76="","Pick project",IF(ISNA(MATCH(D76,ProjNames,0)),"Project not in list",IF(G76="","Add task description",IF(H76="","Pick NTIME or P6",IF(N(I76)<=0,"Enter hours",IF(AND(AllowOT<>"Yes",SUMIF($B$7:$B$256,B76,$I$7:$I$256)>INDEX($O$58:$O$88,DAY(B76))),"Day over "&INDEX($O$58:$O$88,DAY(B76))&" h","✓"))))))))) | L76: 46041 | M76: =TEXT(L76,"ddd") -> Mon | N76: Working | O76: =AvailHours -> 8 | P76: =SUMIFS($I$7:$I$256,$B$7:$B$256,L76,$H$7:$H$256,"NTIME") -> 0 | Q76: =SUMIFS($I$7:$I$256,$B$7:$B$256,L76,$H$7:$H$256,"P6") -> 0 | R76: =IF(N76="Overhead only",O76,IF(AND(N76="Working",P76+Q76>0),MAX(0,O76-P76-Q76),0)) -> 0 | S76: =IF(OR(N76="Working",N76="Overhead only"),MAX(0,P76+Q76-O76),0) -> 0 | T76: =P76+Q76+R76 -> 0 | U76: =IF(N76="Working",IF(P76+Q76=0,IF(L76<=TODAY(),"Not logged",""),IF(P76+Q76>O76,IF(AllowOT="Yes","Overtime","Over "&O76&" h!"),"✓")),IF(N76="Overhead only","✓ Overhead day",IF(P76+Q76>0,"Entries on "&LOWER(N76)&" day",N76))) -> Not logged | W76: =IF(Projects!B74="","",Projects!B74) | X76: =IF(W76="",0,SUMIFS($I$7:$I$256,$D$7:$D$256,W76,$H$7:$H$256,"NTIME")) -> 0 | Y76: =IF(W76="",0,SUMIFS($I$7:$I$256,$D$7:$D$256,W76,$H$7:$H$256,"P6")) -> 0 | Z76: =X76+Y76 -> 0 | AA76: =IF(Z76>0,Z76+(201-70)/10^6,0) -> 0
C77: =IF(B77="","",TEXT(B77,"ddd")) | E77: =IF(D77="","",IFERROR(INDEX(ProjNumbers,MATCH(D77,ProjNames,0)),"")) | F77: =IF(D77="","",IFERROR(INDEX(ProjCodes,MATCH(D77,ProjNames,0)),"")) | J77: =IF(COUNTA(B77,D77,G77,H77,I77)=0,"",IF(B77="","Enter date",IF(OR(B77<$AC$2,B77>$AC$3),"Date not in January",IF(D77="","Pick project",IF(ISNA(MATCH(D77,ProjNames,0)),"Project not in list",IF(G77="","Add task description",IF(H77="","Pick NTIME or P6",IF(N(I77)<=0,"Enter hours",IF(AND(AllowOT<>"Yes",SUMIF($B$7:$B$256,B77,$I$7:$I$256)>INDEX($O$58:$O$88,DAY(B77))),"Day over "&INDEX($O$58:$O$88,DAY(B77))&" h","✓"))))))))) | L77: 46042 | M77: =TEXT(L77,"ddd") -> Tue | N77: Working | O77: =AvailHours -> 8 | P77: =SUMIFS($I$7:$I$256,$B$7:$B$256,L77,$H$7:$H$256,"NTIME") -> 0 | Q77: =SUMIFS($I$7:$I$256,$B$7:$B$256,L77,$H$7:$H$256,"P6") -> 0 | R77: =IF(N77="Overhead only",O77,IF(AND(N77="Working",P77+Q77>0),MAX(0,O77-P77-Q77),0)) -> 0 | S77: =IF(OR(N77="Working",N77="Overhead only"),MAX(0,P77+Q77-O77),0) -> 0 | T77: =P77+Q77+R77 -> 0 | U77: =IF(N77="Working",IF(P77+Q77=0,IF(L77<=TODAY(),"Not logged",""),IF(P77+Q77>O77,IF(AllowOT="Yes","Overtime","Over "&O77&" h!"),"✓")),IF(N77="Overhead only","✓ Overhead day",IF(P77+Q77>0,"Entries on "&LOWER(N77)&" day",N77))) -> Not logged | W77: =IF(Projects!B75="","",Projects!B75) | X77: =IF(W77="",0,SUMIFS($I$7:$I$256,$D$7:$D$256,W77,$H$7:$H$256,"NTIME")) -> 0 | Y77: =IF(W77="",0,SUMIFS($I$7:$I$256,$D$7:$D$256,W77,$H$7:$H$256,"P6")) -> 0 | Z77: =X77+Y77 -> 0 | AA77: =IF(Z77>0,Z77+(201-71)/10^6,0) -> 0
C78: =IF(B78="","",TEXT(B78,"ddd")) | E78: =IF(D78="","",IFERROR(INDEX(ProjNumbers,MATCH(D78,ProjNames,0)),"")) | F78: =IF(D78="","",IFERROR(INDEX(ProjCodes,MATCH(D78,ProjNames,0)),"")) | J78: =IF(COUNTA(B78,D78,G78,H78,I78)=0,"",IF(B78="","Enter date",IF(OR(B78<$AC$2,B78>$AC$3),"Date not in January",IF(D78="","Pick project",IF(ISNA(MATCH(D78,ProjNames,0)),"Project not in list",IF(G78="","Add task description",IF(H78="","Pick NTIME or P6",IF(N(I78)<=0,"Enter hours",IF(AND(AllowOT<>"Yes",SUMIF($B$7:$B$256,B78,$I$7:$I$256)>INDEX($O$58:$O$88,DAY(B78))),"Day over "&INDEX($O$58:$O$88,DAY(B78))&" h","✓"))))))))) | L78: 46043 | M78: =TEXT(L78,"ddd") -> Wed | N78: Working | O78: =AvailHours -> 8 | P78: =SUMIFS($I$7:$I$256,$B$7:$B$256,L78,$H$7:$H$256,"NTIME") -> 0 | Q78: =SUMIFS($I$7:$I$256,$B$7:$B$256,L78,$H$7:$H$256,"P6") -> 0 | R78: =IF(N78="Overhead only",O78,IF(AND(N78="Working",P78+Q78>0),MAX(0,O78-P78-Q78),0)) -> 0 | S78: =IF(OR(N78="Working",N78="Overhead only"),MAX(0,P78+Q78-O78),0) -> 0 | T78: =P78+Q78+R78 -> 0 | U78: =IF(N78="Working",IF(P78+Q78=0,IF(L78<=TODAY(),"Not logged",""),IF(P78+Q78>O78,IF(AllowOT="Yes","Overtime","Over "&O78&" h!"),"✓")),IF(N78="Overhead only","✓ Overhead day",IF(P78+Q78>0,"Entries on "&LOWER(N78)&" day",N78))) -> Not logged | W78: =IF(Projects!B76="","",Projects!B76) | X78: =IF(W78="",0,SUMIFS($I$7:$I$256,$D$7:$D$256,W78,$H$7:$H$256,"NTIME")) -> 0 | Y78: =IF(W78="",0,SUMIFS($I$7:$I$256,$D$7:$D$256,W78,$H$7:$H$256,"P6")) -> 0 | Z78: =X78+Y78 -> 0 | AA78: =IF(Z78>0,Z78+(201-72)/10^6,0) -> 0
C79: =IF(B79="","",TEXT(B79,"ddd")) | E79: =IF(D79="","",IFERROR(INDEX(ProjNumbers,MATCH(D79,ProjNames,0)),"")) | F79: =IF(D79="","",IFERROR(INDEX(ProjCodes,MATCH(D79,ProjNames,0)),"")) | J79: =IF(COUNTA(B79,D79,G79,H79,I79)=0,"",IF(B79="","Enter date",IF(OR(B79<$AC$2,B79>$AC$3),"Date not in January",IF(D79="","Pick project",IF(ISNA(MATCH(D79,ProjNames,0)),"Project not in list",IF(G79="","Add task description",IF(H79="","Pick NTIME or P6",IF(N(I79)<=0,"Enter hours",IF(AND(AllowOT<>"Yes",SUMIF($B$7:$B$256,B79,$I$7:$I$256)>INDEX($O$58:$O$88,DAY(B79))),"Day over "&INDEX($O$58:$O$88,DAY(B79))&" h","✓"))))))))) | L79: 46044 | M79: =TEXT(L79,"ddd") -> Thu | N79: Working | O79: =AvailHours -> 8 | P79: =SUMIFS($I$7:$I$256,$B$7:$B$256,L79,$H$7:$H$256,"NTIME") -> 0 | Q79: =SUMIFS($I$7:$I$256,$B$7:$B$256,L79,$H$7:$H$256,"P6") -> 0 | R79: =IF(N79="Overhead only",O79,IF(AND(N79="Working",P79+Q79>0),MAX(0,O79-P79-Q79),0)) -> 0 | S79: =IF(OR(N79="Working",N79="Overhead only"),MAX(0,P79+Q79-O79),0) -> 0 | T79: =P79+Q79+R79 -> 0 | U79: =IF(N79="Working",IF(P79+Q79=0,IF(L79<=TODAY(),"Not logged",""),IF(P79+Q79>O79,IF(AllowOT="Yes","Overtime","Over "&O79&" h!"),"✓")),IF(N79="Overhead only","✓ Overhead day",IF(P79+Q79>0,"Entries on "&LOWER(N79)&" day",N79))) -> Not logged | W79: =IF(Projects!B77="","",Projects!B77) | X79: =IF(W79="",0,SUMIFS($I$7:$I$256,$D$7:$D$256,W79,$H$7:$H$256,"NTIME")) -> 0 | Y79: =IF(W79="",0,SUMIFS($I$7:$I$256,$D$7:$D$256,W79,$H$7:$H$256,"P6")) -> 0 | Z79: =X79+Y79 -> 0 | AA79: =IF(Z79>0,Z79+(201-73)/10^6,0) -> 0
C80: =IF(B80="","",TEXT(B80,"ddd")) | E80: =IF(D80="","",IFERROR(INDEX(ProjNumbers,MATCH(D80,ProjNames,0)),"")) | F80: =IF(D80="","",IFERROR(INDEX(ProjCodes,MATCH(D80,ProjNames,0)),"")) | J80: =IF(COUNTA(B80,D80,G80,H80,I80)=0,"",IF(B80="","Enter date",IF(OR(B80<$AC$2,B80>$AC$3),"Date not in January",IF(D80="","Pick project",IF(ISNA(MATCH(D80,ProjNames,0)),"Project not in list",IF(G80="","Add task description",IF(H80="","Pick NTIME or P6",IF(N(I80)<=0,"Enter hours",IF(AND(AllowOT<>"Yes",SUMIF($B$7:$B$256,B80,$I$7:$I$256)>INDEX($O$58:$O$88,DAY(B80))),"Day over "&INDEX($O$58:$O$88,DAY(B80))&" h","✓"))))))))) | L80: 46045 | M80: =TEXT(L80,"ddd") -> Fri | N80: Working | O80: =AvailHours -> 8 | P80: =SUMIFS($I$7:$I$256,$B$7:$B$256,L80,$H$7:$H$256,"NTIME") -> 0 | Q80: =SUMIFS($I$7:$I$256,$B$7:$B$256,L80,$H$7:$H$256,"P6") -> 0 | R80: =IF(N80="Overhead only",O80,IF(AND(N80="Working",P80+Q80>0),MAX(0,O80-P80-Q80),0)) -> 0 | S80: =IF(OR(N80="Working",N80="Overhead only"),MAX(0,P80+Q80-O80),0) -> 0 | T80: =P80+Q80+R80 -> 0 | U80: =IF(N80="Working",IF(P80+Q80=0,IF(L80<=TODAY(),"Not logged",""),IF(P80+Q80>O80,IF(AllowOT="Yes","Overtime","Over "&O80&" h!"),"✓")),IF(N80="Overhead only","✓ Overhead day",IF(P80+Q80>0,"Entries on "&LOWER(N80)&" day",N80))) -> Not logged | W80: =IF(Projects!B78="","",Projects!B78) | X80: =IF(W80="",0,SUMIFS($I$7:$I$256,$D$7:$D$256,W80,$H$7:$H$256,"NTIME")) -> 0 | Y80: =IF(W80="",0,SUMIFS($I$7:$I$256,$D$7:$D$256,W80,$H$7:$H$256,"P6")) -> 0 | Z80: =X80+Y80 -> 0 | AA80: =IF(Z80>0,Z80+(201-74)/10^6,0) -> 0
C81: =IF(B81="","",TEXT(B81,"ddd")) | E81: =IF(D81="","",IFERROR(INDEX(ProjNumbers,MATCH(D81,ProjNames,0)),"")) | F81: =IF(D81="","",IFERROR(INDEX(ProjCodes,MATCH(D81,ProjNames,0)),"")) | J81: =IF(COUNTA(B81,D81,G81,H81,I81)=0,"",IF(B81="","Enter date",IF(OR(B81<$AC$2,B81>$AC$3),"Date not in January",IF(D81="","Pick project",IF(ISNA(MATCH(D81,ProjNames,0)),"Project not in list",IF(G81="","Add task description",IF(H81="","Pick NTIME or P6",IF(N(I81)<=0,"Enter hours",IF(AND(AllowOT<>"Yes",SUMIF($B$7:$B$256,B81,$I$7:$I$256)>INDEX($O$58:$O$88,DAY(B81))),"Day over "&INDEX($O$58:$O$88,DAY(B81))&" h","✓"))))))))) | L81: 46046 | M81: =TEXT(L81,"ddd") -> Sat | N81: Weekend | O81: =AvailHours -> 8 | P81: =SUMIFS($I$7:$I$256,$B$7:$B$256,L81,$H$7:$H$256,"NTIME") -> 0 | Q81: =SUMIFS($I$7:$I$256,$B$7:$B$256,L81,$H$7:$H$256,"P6") -> 0 | R81: =IF(N81="Overhead only",O81,IF(AND(N81="Working",P81+Q81>0),MAX(0,O81-P81-Q81),0)) -> 0 | S81: =IF(OR(N81="Working",N81="Overhead only"),MAX(0,P81+Q81-O81),0) -> 0 | T81: =P81+Q81+R81 -> 0 | U81: =IF(N81="Working",IF(P81+Q81=0,IF(L81<=TODAY(),"Not logged",""),IF(P81+Q81>O81,IF(AllowOT="Yes","Overtime","Over "&O81&" h!"),"✓")),IF(N81="Overhead only","✓ Overhead day",IF(P81+Q81>0,"Entries on "&LOWER(N81)&" day",N81))) -> Weekend | W81: =IF(Projects!B79="","",Projects!B79) | X81: =IF(W81="",0,SUMIFS($I$7:$I$256,$D$7:$D$256,W81,$H$7:$H$256,"NTIME")) -> 0 | Y81: =IF(W81="",0,SUMIFS($I$7:$I$256,$D$7:$D$256,W81,$H$7:$H$256,"P6")) -> 0 | Z81: =X81+Y81 -> 0 | AA81: =IF(Z81>0,Z81+(201-75)/10^6,0) -> 0
C82: =IF(B82="","",TEXT(B82,"ddd")) | E82: =IF(D82="","",IFERROR(INDEX(ProjNumbers,MATCH(D82,ProjNames,0)),"")) | F82: =IF(D82="","",IFERROR(INDEX(ProjCodes,MATCH(D82,ProjNames,0)),"")) | J82: =IF(COUNTA(B82,D82,G82,H82,I82)=0,"",IF(B82="","Enter date",IF(OR(B82<$AC$2,B82>$AC$3),"Date not in January",IF(D82="","Pick project",IF(ISNA(MATCH(D82,ProjNames,0)),"Project not in list",IF(G82="","Add task description",IF(H82="","Pick NTIME or P6",IF(N(I82)<=0,"Enter hours",IF(AND(AllowOT<>"Yes",SUMIF($B$7:$B$256,B82,$I$7:$I$256)>INDEX($O$58:$O$88,DAY(B82))),"Day over "&INDEX($O$58:$O$88,DAY(B82))&" h","✓"))))))))) | L82: 46047 | M82: =TEXT(L82,"ddd") -> Sun | N82: Weekend | O82: =AvailHours -> 8 | P82: =SUMIFS($I$7:$I$256,$B$7:$B$256,L82,$H$7:$H$256,"NTIME") -> 0 | Q82: =SUMIFS($I$7:$I$256,$B$7:$B$256,L82,$H$7:$H$256,"P6") -> 0 | R82: =IF(N82="Overhead only",O82,IF(AND(N82="Working",P82+Q82>0),MAX(0,O82-P82-Q82),0)) -> 0 | S82: =IF(OR(N82="Working",N82="Overhead only"),MAX(0,P82+Q82-O82),0) -> 0 | T82: =P82+Q82+R82 -> 0 | U82: =IF(N82="Working",IF(P82+Q82=0,IF(L82<=TODAY(),"Not logged",""),IF(P82+Q82>O82,IF(AllowOT="Yes","Overtime","Over "&O82&" h!"),"✓")),IF(N82="Overhead only","✓ Overhead day",IF(P82+Q82>0,"Entries on "&LOWER(N82)&" day",N82))) -> Weekend | W82: =IF(Projects!B80="","",Projects!B80) | X82: =IF(W82="",0,SUMIFS($I$7:$I$256,$D$7:$D$256,W82,$H$7:$H$256,"NTIME")) -> 0 | Y82: =IF(W82="",0,SUMIFS($I$7:$I$256,$D$7:$D$256,W82,$H$7:$H$256,"P6")) -> 0 | Z82: =X82+Y82 -> 0 | AA82: =IF(Z82>0,Z82+(201-76)/10^6,0) -> 0
C83: =IF(B83="","",TEXT(B83,"ddd")) | E83: =IF(D83="","",IFERROR(INDEX(ProjNumbers,MATCH(D83,ProjNames,0)),"")) | F83: =IF(D83="","",IFERROR(INDEX(ProjCodes,MATCH(D83,ProjNames,0)),"")) | J83: =IF(COUNTA(B83,D83,G83,H83,I83)=0,"",IF(B83="","Enter date",IF(OR(B83<$AC$2,B83>$AC$3),"Date not in January",IF(D83="","Pick project",IF(ISNA(MATCH(D83,ProjNames,0)),"Project not in list",IF(G83="","Add task description",IF(H83="","Pick NTIME or P6",IF(N(I83)<=0,"Enter hours",IF(AND(AllowOT<>"Yes",SUMIF($B$7:$B$256,B83,$I$7:$I$256)>INDEX($O$58:$O$88,DAY(B83))),"Day over "&INDEX($O$58:$O$88,DAY(B83))&" h","✓"))))))))) | L83: 46048 | M83: =TEXT(L83,"ddd") -> Mon | N83: Working | O83: =AvailHours -> 8 | P83: =SUMIFS($I$7:$I$256,$B$7:$B$256,L83,$H$7:$H$256,"NTIME") -> 0 | Q83: =SUMIFS($I$7:$I$256,$B$7:$B$256,L83,$H$7:$H$256,"P6") -> 0 | R83: =IF(N83="Overhead only",O83,IF(AND(N83="Working",P83+Q83>0),MAX(0,O83-P83-Q83),0)) -> 0 | S83: =IF(OR(N83="Working",N83="Overhead only"),MAX(0,P83+Q83-O83),0) -> 0 | T83: =P83+Q83+R83 -> 0 | U83: =IF(N83="Working",IF(P83+Q83=0,IF(L83<=TODAY(),"Not logged",""),IF(P83+Q83>O83,IF(AllowOT="Yes","Overtime","Over "&O83&" h!"),"✓")),IF(N83="Overhead only","✓ Overhead day",IF(P83+Q83>0,"Entries on "&LOWER(N83)&" day",N83))) -> Not logged | W83: =IF(Projects!B81="","",Projects!B81) | X83: =IF(W83="",0,SUMIFS($I$7:$I$256,$D$7:$D$256,W83,$H$7:$H$256,"NTIME")) -> 0 | Y83: =IF(W83="",0,SUMIFS($I$7:$I$256,$D$7:$D$256,W83,$H$7:$H$256,"P6")) -> 0 | Z83: =X83+Y83 -> 0 | AA83: =IF(Z83>0,Z83+(201-77)/10^6,0) -> 0
C84: =IF(B84="","",TEXT(B84,"ddd")) | E84: =IF(D84="","",IFERROR(INDEX(ProjNumbers,MATCH(D84,ProjNames,0)),"")) | F84: =IF(D84="","",IFERROR(INDEX(ProjCodes,MATCH(D84,ProjNames,0)),"")) | J84: =IF(COUNTA(B84,D84,G84,H84,I84)=0,"",IF(B84="","Enter date",IF(OR(B84<$AC$2,B84>$AC$3),"Date not in January",IF(D84="","Pick project",IF(ISNA(MATCH(D84,ProjNames,0)),"Project not in list",IF(G84="","Add task description",IF(H84="","Pick NTIME or P6",IF(N(I84)<=0,"Enter hours",IF(AND(AllowOT<>"Yes",SUMIF($B$7:$B$256,B84,$I$7:$I$256)>INDEX($O$58:$O$88,DAY(B84))),"Day over "&INDEX($O$58:$O$88,DAY(B84))&" h","✓"))))))))) | L84: 46049 | M84: =TEXT(L84,"ddd") -> Tue | N84: Working | O84: =AvailHours -> 8 | P84: =SUMIFS($I$7:$I$256,$B$7:$B$256,L84,$H$7:$H$256,"NTIME") -> 0 | Q84: =SUMIFS($I$7:$I$256,$B$7:$B$256,L84,$H$7:$H$256,"P6") -> 0 | R84: =IF(N84="Overhead only",O84,IF(AND(N84="Working",P84+Q84>0),MAX(0,O84-P84-Q84),0)) -> 0 | S84: =IF(OR(N84="Working",N84="Overhead only"),MAX(0,P84+Q84-O84),0) -> 0 | T84: =P84+Q84+R84 -> 0 | U84: =IF(N84="Working",IF(P84+Q84=0,IF(L84<=TODAY(),"Not logged",""),IF(P84+Q84>O84,IF(AllowOT="Yes","Overtime","Over "&O84&" h!"),"✓")),IF(N84="Overhead only","✓ Overhead day",IF(P84+Q84>0,"Entries on "&LOWER(N84)&" day",N84))) -> Not logged | W84: =IF(Projects!B82="","",Projects!B82) | X84: =IF(W84="",0,SUMIFS($I$7:$I$256,$D$7:$D$256,W84,$H$7:$H$256,"NTIME")) -> 0 | Y84: =IF(W84="",0,SUMIFS($I$7:$I$256,$D$7:$D$256,W84,$H$7:$H$256,"P6")) -> 0 | Z84: =X84+Y84 -> 0 | AA84: =IF(Z84>0,Z84+(201-78)/10^6,0) -> 0
C85: =IF(B85="","",TEXT(B85,"ddd")) | E85: =IF(D85="","",IFERROR(INDEX(ProjNumbers,MATCH(D85,ProjNames,0)),"")) | F85: =IF(D85="","",IFERROR(INDEX(ProjCodes,MATCH(D85,ProjNames,0)),"")) | J85: =IF(COUNTA(B85,D85,G85,H85,I85)=0,"",IF(B85="","Enter date",IF(OR(B85<$AC$2,B85>$AC$3),"Date not in January",IF(D85="","Pick project",IF(ISNA(MATCH(D85,ProjNames,0)),"Project not in list",IF(G85="","Add task description",IF(H85="","Pick NTIME or P6",IF(N(I85)<=0,"Enter hours",IF(AND(AllowOT<>"Yes",SUMIF($B$7:$B$256,B85,$I$7:$I$256)>INDEX($O$58:$O$88,DAY(B85))),"Day over "&INDEX($O$58:$O$88,DAY(B85))&" h","✓"))))))))) | L85: 46050 | M85: =TEXT(L85,"ddd") -> Wed | N85: Working | O85: =AvailHours -> 8 | P85: =SUMIFS($I$7:$I$256,$B$7:$B$256,L85,$H$7:$H$256,"NTIME") -> 0 | Q85: =SUMIFS($I$7:$I$256,$B$7:$B$256,L85,$H$7:$H$256,"P6") -> 0 | R85: =IF(N85="Overhead only",O85,IF(AND(N85="Working",P85+Q85>0),MAX(0,O85-P85-Q85),0)) -> 0 | S85: =IF(OR(N85="Working",N85="Overhead only"),MAX(0,P85+Q85-O85),0) -> 0 | T85: =P85+Q85+R85 -> 0 | U85: =IF(N85="Working",IF(P85+Q85=0,IF(L85<=TODAY(),"Not logged",""),IF(P85+Q85>O85,IF(AllowOT="Yes","Overtime","Over "&O85&" h!"),"✓")),IF(N85="Overhead only","✓ Overhead day",IF(P85+Q85>0,"Entries on "&LOWER(N85)&" day",N85))) -> Not logged | W85: =IF(Projects!B83="","",Projects!B83) | X85: =IF(W85="",0,SUMIFS($I$7:$I$256,$D$7:$D$256,W85,$H$7:$H$256,"NTIME")) -> 0 | Y85: =IF(W85="",0,SUMIFS($I$7:$I$256,$D$7:$D$256,W85,$H$7:$H$256,"P6")) -> 0 | Z85: =X85+Y85 -> 0 | AA85: =IF(Z85>0,Z85+(201-79)/10^6,0) -> 0
C86: =IF(B86="","",TEXT(B86,"ddd")) | E86: =IF(D86="","",IFERROR(INDEX(ProjNumbers,MATCH(D86,ProjNames,0)),"")) | F86: =IF(D86="","",IFERROR(INDEX(ProjCodes,MATCH(D86,ProjNames,0)),"")) | J86: =IF(COUNTA(B86,D86,G86,H86,I86)=0,"",IF(B86="","Enter date",IF(OR(B86<$AC$2,B86>$AC$3),"Date not in January",IF(D86="","Pick project",IF(ISNA(MATCH(D86,ProjNames,0)),"Project not in list",IF(G86="","Add task description",IF(H86="","Pick NTIME or P6",IF(N(I86)<=0,"Enter hours",IF(AND(AllowOT<>"Yes",SUMIF($B$7:$B$256,B86,$I$7:$I$256)>INDEX($O$58:$O$88,DAY(B86))),"Day over "&INDEX($O$58:$O$88,DAY(B86))&" h","✓"))))))))) | L86: 46051 | M86: =TEXT(L86,"ddd") -> Thu | N86: Working | O86: =AvailHours -> 8 | P86: =SUMIFS($I$7:$I$256,$B$7:$B$256,L86,$H$7:$H$256,"NTIME") -> 0 | Q86: =SUMIFS($I$7:$I$256,$B$7:$B$256,L86,$H$7:$H$256,"P6") -> 0 | R86: =IF(N86="Overhead only",O86,IF(AND(N86="Working",P86+Q86>0),MAX(0,O86-P86-Q86),0)) -> 0 | S86: =IF(OR(N86="Working",N86="Overhead only"),MAX(0,P86+Q86-O86),0) -> 0 | T86: =P86+Q86+R86 -> 0 | U86: =IF(N86="Working",IF(P86+Q86=0,IF(L86<=TODAY(),"Not logged",""),IF(P86+Q86>O86,IF(AllowOT="Yes","Overtime","Over "&O86&" h!"),"✓")),IF(N86="Overhead only","✓ Overhead day",IF(P86+Q86>0,"Entries on "&LOWER(N86)&" day",N86))) -> Not logged | W86: =IF(Projects!B84="","",Projects!B84) | X86: =IF(W86="",0,SUMIFS($I$7:$I$256,$D$7:$D$256,W86,$H$7:$H$256,"NTIME")) -> 0 | Y86: =IF(W86="",0,SUMIFS($I$7:$I$256,$D$7:$D$256,W86,$H$7:$H$256,"P6")) -> 0 | Z86: =X86+Y86 -> 0 | AA86: =IF(Z86>0,Z86+(201-80)/10^6,0) -> 0
C87: =IF(B87="","",TEXT(B87,"ddd")) | E87: =IF(D87="","",IFERROR(INDEX(ProjNumbers,MATCH(D87,ProjNames,0)),"")) | F87: =IF(D87="","",IFERROR(INDEX(ProjCodes,MATCH(D87,ProjNames,0)),"")) | J87: =IF(COUNTA(B87,D87,G87,H87,I87)=0,"",IF(B87="","Enter date",IF(OR(B87<$AC$2,B87>$AC$3),"Date not in January",IF(D87="","Pick project",IF(ISNA(MATCH(D87,ProjNames,0)),"Project not in list",IF(G87="","Add task description",IF(H87="","Pick NTIME or P6",IF(N(I87)<=0,"Enter hours",IF(AND(AllowOT<>"Yes",SUMIF($B$7:$B$256,B87,$I$7:$I$256)>INDEX($O$58:$O$88,DAY(B87))),"Day over "&INDEX($O$58:$O$88,DAY(B87))&" h","✓"))))))))) | L87: 46052 | M87: =TEXT(L87,"ddd") -> Fri | N87: Working | O87: =AvailHours -> 8 | P87: =SUMIFS($I$7:$I$256,$B$7:$B$256,L87,$H$7:$H$256,"NTIME") -> 0 | Q87: =SUMIFS($I$7:$I$256,$B$7:$B$256,L87,$H$7:$H$256,"P6") -> 0 | R87: =IF(N87="Overhead only",O87,IF(AND(N87="Working",P87+Q87>0),MAX(0,O87-P87-Q87),0)) -> 0 | S87: =IF(OR(N87="Working",N87="Overhead only"),MAX(0,P87+Q87-O87),0) -> 0 | T87: =P87+Q87+R87 -> 0 | U87: =IF(N87="Working",IF(P87+Q87=0,IF(L87<=TODAY(),"Not logged",""),IF(P87+Q87>O87,IF(AllowOT="Yes","Overtime","Over "&O87&" h!"),"✓")),IF(N87="Overhead only","✓ Overhead day",IF(P87+Q87>0,"Entries on "&LOWER(N87)&" day",N87))) -> Not logged | W87: =IF(Projects!B85="","",Projects!B85) | X87: =IF(W87="",0,SUMIFS($I$7:$I$256,$D$7:$D$256,W87,$H$7:$H$256,"NTIME")) -> 0 | Y87: =IF(W87="",0,SUMIFS($I$7:$I$256,$D$7:$D$256,W87,$H$7:$H$256,"P6")) -> 0 | Z87: =X87+Y87 -> 0 | AA87: =IF(Z87>0,Z87+(201-81)/10^6,0) -> 0
C88: =IF(B88="","",TEXT(B88,"ddd")) | E88: =IF(D88="","",IFERROR(INDEX(ProjNumbers,MATCH(D88,ProjNames,0)),"")) | F88: =IF(D88="","",IFERROR(INDEX(ProjCodes,MATCH(D88,ProjNames,0)),"")) | J88: =IF(COUNTA(B88,D88,G88,H88,I88)=0,"",IF(B88="","Enter date",IF(OR(B88<$AC$2,B88>$AC$3),"Date not in January",IF(D88="","Pick project",IF(ISNA(MATCH(D88,ProjNames,0)),"Project not in list",IF(G88="","Add task description",IF(H88="","Pick NTIME or P6",IF(N(I88)<=0,"Enter hours",IF(AND(AllowOT<>"Yes",SUMIF($B$7:$B$256,B88,$I$7:$I$256)>INDEX($O$58:$O$88,DAY(B88))),"Day over "&INDEX($O$58:$O$88,DAY(B88))&" h","✓"))))))))) | L88: 46053 | M88: =TEXT(L88,"ddd") -> Sat | N88: Weekend | O88: =AvailHours -> 8 | P88: =SUMIFS($I$7:$I$256,$B$7:$B$256,L88,$H$7:$H$256,"NTIME") -> 0 | Q88: =SUMIFS($I$7:$I$256,$B$7:$B$256,L88,$H$7:$H$256,"P6") -> 0 | R88: =IF(N88="Overhead only",O88,IF(AND(N88="Working",P88+Q88>0),MAX(0,O88-P88-Q88),0)) -> 0 | S88: =IF(OR(N88="Working",N88="Overhead only"),MAX(0,P88+Q88-O88),0) -> 0 | T88: =P88+Q88+R88 -> 0 | U88: =IF(N88="Working",IF(P88+Q88=0,IF(L88<=TODAY(),"Not logged",""),IF(P88+Q88>O88,IF(AllowOT="Yes","Overtime","Over "&O88&" h!"),"✓")),IF(N88="Overhead only","✓ Overhead day",IF(P88+Q88>0,"Entries on "&LOWER(N88)&" day",N88))) -> Weekend | W88: =IF(Projects!B86="","",Projects!B86) | X88: =IF(W88="",0,SUMIFS($I$7:$I$256,$D$7:$D$256,W88,$H$7:$H$256,"NTIME")) -> 0 | Y88: =IF(W88="",0,SUMIFS($I$7:$I$256,$D$7:$D$256,W88,$H$7:$H$256,"P6")) -> 0 | Z88: =X88+Y88 -> 0 | AA88: =IF(Z88>0,Z88+(201-82)/10^6,0) -> 0
C89: =IF(B89="","",TEXT(B89,"ddd")) | E89: =IF(D89="","",IFERROR(INDEX(ProjNumbers,MATCH(D89,ProjNames,0)),"")) | F89: =IF(D89="","",IFERROR(INDEX(ProjCodes,MATCH(D89,ProjNames,0)),"")) | J89: =IF(COUNTA(B89,D89,G89,H89,I89)=0,"",IF(B89="","Enter date",IF(OR(B89<$AC$2,B89>$AC$3),"Date not in January",IF(D89="","Pick project",IF(ISNA(MATCH(D89,ProjNames,0)),"Project not in list",IF(G89="","Add task description",IF(H89="","Pick NTIME or P6",IF(N(I89)<=0,"Enter hours",IF(AND(AllowOT<>"Yes",SUMIF($B$7:$B$256,B89,$I$7:$I$256)>INDEX($O$58:$O$88,DAY(B89))),"Day over "&INDEX($O$58:$O$88,DAY(B89))&" h","✓"))))))))) | L89: Month total | P89: =SUM(P58:P88) -> 0 | Q89: =SUM(Q58:Q88) -> 0 | R89: =SUM(R58:R88) -> 0 | S89: =SUM(S58:S88) -> 0 | T89: =SUM(T58:T88) -> 0 | W89: =IF(Projects!B87="","",Projects!B87) | X89: =IF(W89="",0,SUMIFS($I$7:$I$256,$D$7:$D$256,W89,$H$7:$H$256,"NTIME")) -> 0 | Y89: =IF(W89="",0,SUMIFS($I$7:$I$256,$D$7:$D$256,W89,$H$7:$H$256,"P6")) -> 0 | Z89: =X89+Y89 -> 0 | AA89: =IF(Z89>0,Z89+(201-83)/10^6,0) -> 0
C90: =IF(B90="","",TEXT(B90,"ddd")) | E90: =IF(D90="","",IFERROR(INDEX(ProjNumbers,MATCH(D90,ProjNames,0)),"")) | F90: =IF(D90="","",IFERROR(INDEX(ProjCodes,MATCH(D90,ProjNames,0)),"")) | J90: =IF(COUNTA(B90,D90,G90,H90,I90)=0,"",IF(B90="","Enter date",IF(OR(B90<$AC$2,B90>$AC$3),"Date not in January",IF(D90="","Pick project",IF(ISNA(MATCH(D90,ProjNames,0)),"Project not in list",IF(G90="","Add task description",IF(H90="","Pick NTIME or P6",IF(N(I90)<=0,"Enter hours",IF(AND(AllowOT<>"Yes",SUMIF($B$7:$B$256,B90,$I$7:$I$256)>INDEX($O$58:$O$88,DAY(B90))),"Day over "&INDEX($O$58:$O$88,DAY(B90))&" h","✓"))))))))) | W90: =IF(Projects!B88="","",Projects!B88) | X90: =IF(W90="",0,SUMIFS($I$7:$I$256,$D$7:$D$256,W90,$H$7:$H$256,"NTIME")) -> 0 | Y90: =IF(W90="",0,SUMIFS($I$7:$I$256,$D$7:$D$256,W90,$H$7:$H$256,"P6")) -> 0 | Z90: =X90+Y90 -> 0 | AA90: =IF(Z90>0,Z90+(201-84)/10^6,0) -> 0
C91: =IF(B91="","",TEXT(B91,"ddd")) | E91: =IF(D91="","",IFERROR(INDEX(ProjNumbers,MATCH(D91,ProjNames,0)),"")) | F91: =IF(D91="","",IFERROR(INDEX(ProjCodes,MATCH(D91,ProjNames,0)),"")) | J91: =IF(COUNTA(B91,D91,G91,H91,I91)=0,"",IF(B91="","Enter date",IF(OR(B91<$AC$2,B91>$AC$3),"Date not in January",IF(D91="","Pick project",IF(ISNA(MATCH(D91,ProjNames,0)),"Project not in list",IF(G91="","Add task description",IF(H91="","Pick NTIME or P6",IF(N(I91)<=0,"Enter hours",IF(AND(AllowOT<>"Yes",SUMIF($B$7:$B$256,B91,$I$7:$I$256)>INDEX($O$58:$O$88,DAY(B91))),"Day over "&INDEX($O$58:$O$88,DAY(B91))&" h","✓"))))))))) | W91: =IF(Projects!B89="","",Projects!B89) | X91: =IF(W91="",0,SUMIFS($I$7:$I$256,$D$7:$D$256,W91,$H$7:$H$256,"NTIME")) -> 0 | Y91: =IF(W91="",0,SUMIFS($I$7:$I$256,$D$7:$D$256,W91,$H$7:$H$256,"P6")) -> 0 | Z91: =X91+Y91 -> 0 | AA91: =IF(Z91>0,Z91+(201-85)/10^6,0) -> 0
C92: =IF(B92="","",TEXT(B92,"ddd")) | E92: =IF(D92="","",IFERROR(INDEX(ProjNumbers,MATCH(D92,ProjNames,0)),"")) | F92: =IF(D92="","",IFERROR(INDEX(ProjCodes,MATCH(D92,ProjNames,0)),"")) | J92: =IF(COUNTA(B92,D92,G92,H92,I92)=0,"",IF(B92="","Enter date",IF(OR(B92<$AC$2,B92>$AC$3),"Date not in January",IF(D92="","Pick project",IF(ISNA(MATCH(D92,ProjNames,0)),"Project not in list",IF(G92="","Add task description",IF(H92="","Pick NTIME or P6",IF(N(I92)<=0,"Enter hours",IF(AND(AllowOT<>"Yes",SUMIF($B$7:$B$256,B92,$I$7:$I$256)>INDEX($O$58:$O$88,DAY(B92))),"Day over "&INDEX($O$58:$O$88,DAY(B92))&" h","✓"))))))))) | W92: =IF(Projects!B90="","",Projects!B90) | X92: =IF(W92="",0,SUMIFS($I$7:$I$256,$D$7:$D$256,W92,$H$7:$H$256,"NTIME")) -> 0 | Y92: =IF(W92="",0,SUMIFS($I$7:$I$256,$D$7:$D$256,W92,$H$7:$H$256,"P6")) -> 0 | Z92: =X92+Y92 -> 0 | AA92: =IF(Z92>0,Z92+(201-86)/10^6,0) -> 0
C93: =IF(B93="","",TEXT(B93,"ddd")) | E93: =IF(D93="","",IFERROR(INDEX(ProjNumbers,MATCH(D93,ProjNames,0)),"")) | F93: =IF(D93="","",IFERROR(INDEX(ProjCodes,MATCH(D93,ProjNames,0)),"")) | J93: =IF(COUNTA(B93,D93,G93,H93,I93)=0,"",IF(B93="","Enter date",IF(OR(B93<$AC$2,B93>$AC$3),"Date not in January",IF(D93="","Pick project",IF(ISNA(MATCH(D93,ProjNames,0)),"Project not in list",IF(G93="","Add task description",IF(H93="","Pick NTIME or P6",IF(N(I93)<=0,"Enter hours",IF(AND(AllowOT<>"Yes",SUMIF($B$7:$B$256,B93,$I$7:$I$256)>INDEX($O$58:$O$88,DAY(B93))),"Day over "&INDEX($O$58:$O$88,DAY(B93))&" h","✓"))))))))) | W93: =IF(Projects!B91="","",Projects!B91) | X93: =IF(W93="",0,SUMIFS($I$7:$I$256,$D$7:$D$256,W93,$H$7:$H$256,"NTIME")) -> 0 | Y93: =IF(W93="",0,SUMIFS($I$7:$I$256,$D$7:$D$256,W93,$H$7:$H$256,"P6")) -> 0 | Z93: =X93+Y93 -> 0 | AA93: =IF(Z93>0,Z93+(201-87)/10^6,0) -> 0
C94: =IF(B94="","",TEXT(B94,"ddd")) | E94: =IF(D94="","",IFERROR(INDEX(ProjNumbers,MATCH(D94,ProjNames,0)),"")) | F94: =IF(D94="","",IFERROR(INDEX(ProjCodes,MATCH(D94,ProjNames,0)),"")) | J94: =IF(COUNTA(B94,D94,G94,H94,I94)=0,"",IF(B94="","Enter date",IF(OR(B94<$AC$2,B94>$AC$3),"Date not in January",IF(D94="","Pick project",IF(ISNA(MATCH(D94,ProjNames,0)),"Project not in list",IF(G94="","Add task description",IF(H94="","Pick NTIME or P6",IF(N(I94)<=0,"Enter hours",IF(AND(AllowOT<>"Yes",SUMIF($B$7:$B$256,B94,$I$7:$I$256)>INDEX($O$58:$O$88,DAY(B94))),"Day over "&INDEX($O$58:$O$88,DAY(B94))&" h","✓"))))))))) | W94: =IF(Projects!B92="","",Projects!B92) | X94: =IF(W94="",0,SUMIFS($I$7:$I$256,$D$7:$D$256,W94,$H$7:$H$256,"NTIME")) -> 0 | Y94: =IF(W94="",0,SUMIFS($I$7:$I$256,$D$7:$D$256,W94,$H$7:$H$256,"P6")) -> 0 | Z94: =X94+Y94 -> 0 | AA94: =IF(Z94>0,Z94+(201-88)/10^6,0) -> 0
C95: =IF(B95="","",TEXT(B95,"ddd")) | E95: =IF(D95="","",IFERROR(INDEX(ProjNumbers,MATCH(D95,ProjNames,0)),"")) | F95: =IF(D95="","",IFERROR(INDEX(ProjCodes,MATCH(D95,ProjNames,0)),"")) | J95: =IF(COUNTA(B95,D95,G95,H95,I95)=0,"",IF(B95="","Enter date",IF(OR(B95<$AC$2,B95>$AC$3),"Date not in January",IF(D95="","Pick project",IF(ISNA(MATCH(D95,ProjNames,0)),"Project not in list",IF(G95="","Add task description",IF(H95="","Pick NTIME or P6",IF(N(I95)<=0,"Enter hours",IF(AND(AllowOT<>"Yes",SUMIF($B$7:$B$256,B95,$I$7:$I$256)>INDEX($O$58:$O$88,DAY(B95))),"Day over "&INDEX($O$58:$O$88,DAY(B95))&" h","✓"))))))))) | W95: =IF(Projects!B93="","",Projects!B93) | X95: =IF(W95="",0,SUMIFS($I$7:$I$256,$D$7:$D$256,W95,$H$7:$H$256,"NTIME")) -> 0 | Y95: =IF(W95="",0,SUMIFS($I$7:$I$256,$D$7:$D$256,W95,$H$7:$H$256,"P6")) -> 0 | Z95: =X95+Y95 -> 0 | AA95: =IF(Z95>0,Z95+(201-89)/10^6,0) -> 0
C96: =IF(B96="","",TEXT(B96,"ddd")) | E96: =IF(D96="","",IFERROR(INDEX(ProjNumbers,MATCH(D96,ProjNames,0)),"")) | F96: =IF(D96="","",IFERROR(INDEX(ProjCodes,MATCH(D96,ProjNames,0)),"")) | J96: =IF(COUNTA(B96,D96,G96,H96,I96)=0,"",IF(B96="","Enter date",IF(OR(B96<$AC$2,B96>$AC$3),"Date not in January",IF(D96="","Pick project",IF(ISNA(MATCH(D96,ProjNames,0)),"Project not in list",IF(G96="","Add task description",IF(H96="","Pick NTIME or P6",IF(N(I96)<=0,"Enter hours",IF(AND(AllowOT<>"Yes",SUMIF($B$7:$B$256,B96,$I$7:$I$256)>INDEX($O$58:$O$88,DAY(B96))),"Day over "&INDEX($O$58:$O$88,DAY(B96))&" h","✓"))))))))) | W96: =IF(Projects!B94="","",Projects!B94) | X96: =IF(W96="",0,SUMIFS($I$7:$I$256,$D$7:$D$256,W96,$H$7:$H$256,"NTIME")) -> 0 | Y96: =IF(W96="",0,SUMIFS($I$7:$I$256,$D$7:$D$256,W96,$H$7:$H$256,"P6")) -> 0 | Z96: =X96+Y96 -> 0 | AA96: =IF(Z96>0,Z96+(201-90)/10^6,0) -> 0
C97: =IF(B97="","",TEXT(B97,"ddd")) | E97: =IF(D97="","",IFERROR(INDEX(ProjNumbers,MATCH(D97,ProjNames,0)),"")) | F97: =IF(D97="","",IFERROR(INDEX(ProjCodes,MATCH(D97,ProjNames,0)),"")) | J97: =IF(COUNTA(B97,D97,G97,H97,I97)=0,"",IF(B97="","Enter date",IF(OR(B97<$AC$2,B97>$AC$3),"Date not in January",IF(D97="","Pick project",IF(ISNA(MATCH(D97,ProjNames,0)),"Project not in list",IF(G97="","Add task description",IF(H97="","Pick NTIME or P6",IF(N(I97)<=0,"Enter hours",IF(AND(AllowOT<>"Yes",SUMIF($B$7:$B$256,B97,$I$7:$I$256)>INDEX($O$58:$O$88,DAY(B97))),"Day over "&INDEX($O$58:$O$88,DAY(B97))&" h","✓"))))))))) | W97: =IF(Projects!B95="","",Projects!B95) | X97: =IF(W97="",0,SUMIFS($I$7:$I$256,$D$7:$D$256,W97,$H$7:$H$256,"NTIME")) -> 0 | Y97: =IF(W97="",0,SUMIFS($I$7:$I$256,$D$7:$D$256,W97,$H$7:$H$256,"P6")) -> 0 | Z97: =X97+Y97 -> 0 | AA97: =IF(Z97>0,Z97+(201-91)/10^6,0) -> 0
C98: =IF(B98="","",TEXT(B98,"ddd")) | E98: =IF(D98="","",IFERROR(INDEX(ProjNumbers,MATCH(D98,ProjNames,0)),"")) | F98: =IF(D98="","",IFERROR(INDEX(ProjCodes,MATCH(D98,ProjNames,0)),"")) | J98: =IF(COUNTA(B98,D98,G98,H98,I98)=0,"",IF(B98="","Enter date",IF(OR(B98<$AC$2,B98>$AC$3),"Date not in January",IF(D98="","Pick project",IF(ISNA(MATCH(D98,ProjNames,0)),"Project not in list",IF(G98="","Add task description",IF(H98="","Pick NTIME or P6",IF(N(I98)<=0,"Enter hours",IF(AND(AllowOT<>"Yes",SUMIF($B$7:$B$256,B98,$I$7:$I$256)>INDEX($O$58:$O$88,DAY(B98))),"Day over "&INDEX($O$58:$O$88,DAY(B98))&" h","✓"))))))))) | W98: =IF(Projects!B96="","",Projects!B96) | X98: =IF(W98="",0,SUMIFS($I$7:$I$256,$D$7:$D$256,W98,$H$7:$H$256,"NTIME")) -> 0 | Y98: =IF(W98="",0,SUMIFS($I$7:$I$256,$D$7:$D$256,W98,$H$7:$H$256,"P6")) -> 0 | Z98: =X98+Y98 -> 0 | AA98: =IF(Z98>0,Z98+(201-92)/10^6,0) -> 0
C99: =IF(B99="","",TEXT(B99,"ddd")) | E99: =IF(D99="","",IFERROR(INDEX(ProjNumbers,MATCH(D99,ProjNames,0)),"")) | F99: =IF(D99="","",IFERROR(INDEX(ProjCodes,MATCH(D99,ProjNames,0)),"")) | J99: =IF(COUNTA(B99,D99,G99,H99,I99)=0,"",IF(B99="","Enter date",IF(OR(B99<$AC$2,B99>$AC$3),"Date not in January",IF(D99="","Pick project",IF(ISNA(MATCH(D99,ProjNames,0)),"Project not in list",IF(G99="","Add task description",IF(H99="","Pick NTIME or P6",IF(N(I99)<=0,"Enter hours",IF(AND(AllowOT<>"Yes",SUMIF($B$7:$B$256,B99,$I$7:$I$256)>INDEX($O$58:$O$88,DAY(B99))),"Day over "&INDEX($O$58:$O$88,DAY(B99))&" h","✓"))))))))) | W99: =IF(Projects!B97="","",Projects!B97) | X99: =IF(W99="",0,SUMIFS($I$7:$I$256,$D$7:$D$256,W99,$H$7:$H$256,"NTIME")) -> 0 | Y99: =IF(W99="",0,SUMIFS($I$7:$I$256,$D$7:$D$256,W99,$H$7:$H$256,"P6")) -> 0 | Z99: =X99+Y99 -> 0 | AA99: =IF(Z99>0,Z99+(201-93)/10^6,0) -> 0
C100: =IF(B100="","",TEXT(B100,"ddd")) | E100: =IF(D100="","",IFERROR(INDEX(ProjNumbers,MATCH(D100,ProjNames,0)),"")) | F100: =IF(D100="","",IFERROR(INDEX(ProjCodes,MATCH(D100,ProjNames,0)),"")) | J100: =IF(COUNTA(B100,D100,G100,H100,I100)=0,"",IF(B100="","Enter date",IF(OR(B100<$AC$2,B100>$AC$3),"Date not in January",IF(D100="","Pick project",IF(ISNA(MATCH(D100,ProjNames,0)),"Project not in list",IF(G100="","Add task description",IF(H100="","Pick NTIME or P6",IF(N(I100)<=0,"Enter hours",IF(AND(AllowOT<>"Yes",SUMIF($B$7:$B$256,B100,$I$7:$I$256)>INDEX($O$58:$O$88,DAY(B100))),"Day over "&INDEX($O$58:$O$88,DAY(B100))&" h","✓"))))))))) | W100: =IF(Projects!B98="","",Projects!B98) | X100: =IF(W100="",0,SUMIFS($I$7:$I$256,$D$7:$D$256,W100,$H$7:$H$256,"NTIME")) -> 0 | Y100: =IF(W100="",0,SUMIFS($I$7:$I$256,$D$7:$D$256,W100,$H$7:$H$256,"P6")) -> 0 | Z100: =X100+Y100 -> 0 | AA100: =IF(Z100>0,Z100+(201-94)/10^6,0) -> 0
...

Sheet February
B1: February 2026 | AC1: Helpers
B2: Add one row per task in the Entry log. Everything on the right updates automatically. | AC2: 46054
B3: ENTRY LOG | L3: MONTH SUMMARY | AC3: 46081
L4: Total hours | M4: =IF(OHSystem="NTIME","NTIME (incl. overhead)","NTIME") -> NTIME | N4: =IF(OHSystem="P6","P6 (incl. overhead)","P6") -> P6 | O4: Overhead | P4: Overtime | Q4: Utilisation | R4: Days logged | S4: Days not logged | AC4: =AC2-MOD(WEEKDAY(AC2,2)-WeekStartNum,7) -> 46048
L5: =SUM($T$58:$T$85) -> 0 | M5: =SUM($P$58:$P$85)+IF(OHSystem="NTIME",SUM($R$58:$R$85),0) -> 0 | N5: =SUM($Q$58:$Q$85)+IF(OHSystem="P6",SUM($R$58:$R$85),0) -> 0 | O5: =SUM($R$58:$R$85) -> 0 | P5: =SUM($S$58:$S$85) -> 0 | Q5: =IF(L5=0,"-",(SUM($P$58:$P$85)+SUM($Q$58:$Q$85))/L5) -> - | R5: =SUMPRODUCT(($N$58:$N$85="Working")*(($P$58:$P$85+$Q$58:$Q$85)>0))+COUNTIF($N$58:$N$85,"Overhead only") -> 0 | S5: =COUNTIF($U$58:$U$85,"Not logged") -> 20
B6: Date | C6: Day | D6: Project Name | E6: Project Number | F6: Oracle Code | G6: Task Description | H6: System | I6: Hours | J6: Check
C7: =IF(B7="","",TEXT(B7,"ddd")) | E7: =IF(D7="","",IFERROR(INDEX(ProjNumbers,MATCH(D7,ProjNames,0)),"")) | F7: =IF(D7="","",IFERROR(INDEX(ProjCodes,MATCH(D7,ProjNames,0)),"")) | J7: =IF(COUNTA(B7,D7,G7,H7,I7)=0,"",IF(B7="","Enter date",IF(OR(B7<$AC$2,B7>$AC$3),"Date not in February",IF(D7="","Pick project",IF(ISNA(MATCH(D7,ProjNames,0)),"Project not in list",IF(G7="","Add task description",IF(H7="","Pick NTIME or P6",IF(N(I7)<=0,"Enter hours",IF(AND(AllowOT<>"Yes",SUMIF($B$7:$B$256,B7,$I$7:$I$256)>INDEX($O$58:$O$85,DAY(B7))),"Day over "&INDEX($O$58:$O$85,DAY(B7))&" h","✓"))))))))) | W7: =IF(Projects!B5="","",Projects!B5) -> Project A | X7: =IF(W7="",0,SUMIFS($I$7:$I$256,$D$7:$D$256,W7,$H$7:$H$256,"NTIME")) -> 0 | Y7: =IF(W7="",0,SUMIFS($I$7:$I$256,$D$7:$D$256,W7,$H$7:$H$256,"P6")) -> 0 | Z7: =X7+Y7 -> 0 | AA7: =IF(Z7>0,Z7+(201-1)/10^6,0) -> 0
C8: =IF(B8="","",TEXT(B8,"ddd")) | E8: =IF(D8="","",IFERROR(INDEX(ProjNumbers,MATCH(D8,ProjNames,0)),"")) | F8: =IF(D8="","",IFERROR(INDEX(ProjCodes,MATCH(D8,ProjNames,0)),"")) | J8: =IF(COUNTA(B8,D8,G8,H8,I8)=0,"",IF(B8="","Enter date",IF(OR(B8<$AC$2,B8>$AC$3),"Date not in February",IF(D8="","Pick project",IF(ISNA(MATCH(D8,ProjNames,0)),"Project not in list",IF(G8="","Add task description",IF(H8="","Pick NTIME or P6",IF(N(I8)<=0,"Enter hours",IF(AND(AllowOT<>"Yes",SUMIF($B$7:$B$256,B8,$I$7:$I$256)>INDEX($O$58:$O$85,DAY(B8))),"Day over "&INDEX($O$58:$O$85,DAY(B8))&" h","✓"))))))))) | L8: WEEKLY SUMMARY | W8: =IF(Projects!B6="","",Projects!B6) | X8: =IF(W8="",0,SUMIFS($I$7:$I$256,$D$7:$D$256,W8,$H$7:$H$256,"NTIME")) -> 0 | Y8: =IF(W8="",0,SUMIFS($I$7:$I$256,$D$7:$D$256,W8,$H$7:$H$256,"P6")) -> 0 | Z8: =X8+Y8 -> 0 | AA8: =IF(Z8>0,Z8+(201-2)/10^6,0) -> 0
C9: =IF(B9="","",TEXT(B9,"ddd")) | E9: =IF(D9="","",IFERROR(INDEX(ProjNumbers,MATCH(D9,ProjNames,0)),"")) | F9: =IF(D9="","",IFERROR(INDEX(ProjCodes,MATCH(D9,ProjNames,0)),"")) | J9: =IF(COUNTA(B9,D9,G9,H9,I9)=0,"",IF(B9="","Enter date",IF(OR(B9<$AC$2,B9>$AC$3),"Date not in February",IF(D9="","Pick project",IF(ISNA(MATCH(D9,ProjNames,0)),"Project not in list",IF(G9="","Add task description",IF(H9="","Pick NTIME or P6",IF(N(I9)<=0,"Enter hours",IF(AND(AllowOT<>"Yes",SUMIF($B$7:$B$256,B9,$I$7:$I$256)>INDEX($O$58:$O$85,DAY(B9))),"Day over "&INDEX($O$58:$O$85,DAY(B9))&" h","✓"))))))))) | L9: Week | M9: From | N9: To | O9: NTIME | P9: P6 | Q9: Overhead | R9: Overtime | S9: Total | W9: =IF(Projects!B7="","",Projects!B7) | X9: =IF(W9="",0,SUMIFS($I$7:$I$256,$D$7:$D$256,W9,$H$7:$H$256,"NTIME")) -> 0 | Y9: =IF(W9="",0,SUMIFS($I$7:$I$256,$D$7:$D$256,W9,$H$7:$H$256,"P6")) -> 0 | Z9: =X9+Y9 -> 0 | AA9: =IF(Z9>0,Z9+(201-3)/10^6,0) -> 0 | AF9: NTIME | AG9: P6 | AH9: Overhead
C10: =IF(B10="","",TEXT(B10,"ddd")) | E10: =IF(D10="","",IFERROR(INDEX(ProjNumbers,MATCH(D10,ProjNames,0)),"")) | F10: =IF(D10="","",IFERROR(INDEX(ProjCodes,MATCH(D10,ProjNames,0)),"")) | J10: =IF(COUNTA(B10,D10,G10,H10,I10)=0,"",IF(B10="","Enter date",IF(OR(B10<$AC$2,B10>$AC$3),"Date not in February",IF(D10="","Pick project",IF(ISNA(MATCH(D10,ProjNames,0)),"Project not in list",IF(G10="","Add task description",IF(H10="","Pick NTIME or P6",IF(N(I10)<=0,"Enter hours",IF(AND(AllowOT<>"Yes",SUMIF($B$7:$B$256,B10,$I$7:$I$256)>INDEX($O$58:$O$85,DAY(B10))),"Day over "&INDEX($O$58:$O$85,DAY(B10))&" h","✓"))))))))) | L10: ="Week 1"&IF(M10="",""," ("&DAY(M10)&"–"&DAY(N10)&")") -> Week 1 (1–1) | M10: =IF($AC$4+7*0>$AC$3,"",MAX($AC$2,$AC$4+7*0)) -> 46054 | N10: =IF(M10="","",MIN($AC$3,$AC$4+7*1-1)) -> 46054 | O10: =IF($M10="","",AF10+IF(OHSystem="NTIME",AH10,0)) -> 0 | P10: =IF($M10="","",AG10+IF(OHSystem="P6",AH10,0)) -> 0 | Q10: =IF($M10="","",AH10) -> 0 | R10: =IF($M10="","",SUMIFS($S$58:$S$85,$L$58:$L$85,">="&$M10,$L$58:$L$85,"<="&$N10)) -> 0 | S10: =IF($M10="","",SUMIFS($T$58:$T$85,$L$58:$L$85,">="&$M10,$L$58:$L$85,"<="&$N10)) -> 0 | W10: =IF(Projects!B8="","",Projects!B8) | X10: =IF(W10="",0,SUMIFS($I$7:$I$256,$D$7:$D$256,W10,$H$7:$H$256,"NTIME")) -> 0 | Y10: =IF(W10="",0,SUMIFS($I$7:$I$256,$D$7:$D$256,W10,$H$7:$H$256,"P6")) -> 0 | Z10: =X10+Y10 -> 0 | AA10: =IF(Z10>0,Z10+(201-4)/10^6,0) -> 0 | AF10: =IF($M10="",0,SUMIFS($P$58:$P$85,$L$58:$L$85,">="&$M10,$L$58:$L$85,"<="&$N10)) -> 0 | AG10: =IF($M10="",0,SUMIFS($Q$58:$Q$85,$L$58:$L$85,">="&$M10,$L$58:$L$85,"<="&$N10)) -> 0 | AH10: =IF($M10="",0,SUMIFS($R$58:$R$85,$L$58:$L$85,">="&$M10,$L$58:$L$85,"<="&$N10)) -> 0
C11: =IF(B11="","",TEXT(B11,"ddd")) | E11: =IF(D11="","",IFERROR(INDEX(ProjNumbers,MATCH(D11,ProjNames,0)),"")) | F11: =IF(D11="","",IFERROR(INDEX(ProjCodes,MATCH(D11,ProjNames,0)),"")) | J11: =IF(COUNTA(B11,D11,G11,H11,I11)=0,"",IF(B11="","Enter date",IF(OR(B11<$AC$2,B11>$AC$3),"Date not in February",IF(D11="","Pick project",IF(ISNA(MATCH(D11,ProjNames,0)),"Project not in list",IF(G11="","Add task description",IF(H11="","Pick NTIME or P6",IF(N(I11)<=0,"Enter hours",IF(AND(AllowOT<>"Yes",SUMIF($B$7:$B$256,B11,$I$7:$I$256)>INDEX($O$58:$O$85,DAY(B11))),"Day over "&INDEX($O$58:$O$85,DAY(B11))&" h","✓"))))))))) | L11: ="Week 2"&IF(M11="",""," ("&DAY(M11)&"–"&DAY(N11)&")") -> Week 2 (2–8) | M11: =IF($AC$4+7*1>$AC$3,"",MAX($AC$2,$AC$4+7*1)) -> 46055 | N11: =IF(M11="","",MIN($AC$3,$AC$4+7*2-1)) -> 46061 | O11: =IF($M11="","",AF11+IF(OHSystem="NTIME",AH11,0)) -> 0 | P11: =IF($M11="","",AG11+IF(OHSystem="P6",AH11,0)) -> 0 | Q11: =IF($M11="","",AH11) -> 0 | R11: =IF($M11="","",SUMIFS($S$58:$S$85,$L$58:$L$85,">="&$M11,$L$58:$L$85,"<="&$N11)) -> 0 | S11: =IF($M11="","",SUMIFS($T$58:$T$85,$L$58:$L$85,">="&$M11,$L$58:$L$85,"<="&$N11)) -> 0 | W11: =IF(Projects!B9="","",Projects!B9) | X11: =IF(W11="",0,SUMIFS($I$7:$I$256,$D$7:$D$256,W11,$H$7:$H$256,"NTIME")) -> 0 | Y11: =IF(W11="",0,SUMIFS($I$7:$I$256,$D$7:$D$256,W11,$H$7:$H$256,"P6")) -> 0 | Z11: =X11+Y11 -> 0 | AA11: =IF(Z11>0,Z11+(201-5)/10^6,0) -> 0 | AF11: =IF($M11="",0,SUMIFS($P$58:$P$85,$L$58:$L$85,">="&$M11,$L$58:$L$85,"<="&$N11)) -> 0 | AG11: =IF($M11="",0,SUMIFS($Q$58:$Q$85,$L$58:$L$85,">="&$M11,$L$58:$L$85,"<="&$N11)) -> 0 | AH11: =IF($M11="",0,SUMIFS($R$58:$R$85,$L$58:$L$85,">="&$M11,$L$58:$L$85,"<="&$N11)) -> 0
C12: =IF(B12="","",TEXT(B12,"ddd")) | E12: =IF(D12="","",IFERROR(INDEX(ProjNumbers,MATCH(D12,ProjNames,0)),"")) | F12: =IF(D12="","",IFERROR(INDEX(ProjCodes,MATCH(D12,ProjNames,0)),"")) | J12: =IF(COUNTA(B12,D12,G12,H12,I12)=0,"",IF(B12="","Enter date",IF(OR(B12<$AC$2,B12>$AC$3),"Date not in February",IF(D12="","Pick project",IF(ISNA(MATCH(D12,ProjNames,0)),"Project not in list",IF(G12="","Add task description",IF(H12="","Pick NTIME or P6",IF(N(I12)<=0,"Enter hours",IF(AND(AllowOT<>"Yes",SUMIF($B$7:$B$256,B12,$I$7:$I$256)>INDEX($O$58:$O$85,DAY(B12))),"Day over "&INDEX($O$58:$O$85,DAY(B12))&" h","✓"))))))))) | L12: ="Week 3"&IF(M12="",""," ("&DAY(M12)&"–"&DAY(N12)&")") -> Week 3 (9–15) | M12: =IF($AC$4+7*2>$AC$3,"",MAX($AC$2,$AC$4+7*2)) -> 46062 | N12: =IF(M12="","",MIN($AC$3,$AC$4+7*3-1)) -> 46068 | O12: =IF($M12="","",AF12+IF(OHSystem="NTIME",AH12,0)) -> 0 | P12: =IF($M12="","",AG12+IF(OHSystem="P6",AH12,0)) -> 0 | Q12: =IF($M12="","",AH12) -> 0 | R12: =IF($M12="","",SUMIFS($S$58:$S$85,$L$58:$L$85,">="&$M12,$L$58:$L$85,"<="&$N12)) -> 0 | S12: =IF($M12="","",SUMIFS($T$58:$T$85,$L$58:$L$85,">="&$M12,$L$58:$L$85,"<="&$N12)) -> 0 | W12: =IF(Projects!B10="","",Projects!B10) | X12: =IF(W12="",0,SUMIFS($I$7:$I$256,$D$7:$D$256,W12,$H$7:$H$256,"NTIME")) -> 0 | Y12: =IF(W12="",0,SUMIFS($I$7:$I$256,$D$7:$D$256,W12,$H$7:$H$256,"P6")) -> 0 | Z12: =X12+Y12 -> 0 | AA12: =IF(Z12>0,Z12+(201-6)/10^6,0) -> 0 | AF12: =IF($M12="",0,SUMIFS($P$58:$P$85,$L$58:$L$85,">="&$M12,$L$58:$L$85,"<="&$N12)) -> 0 | AG12: =IF($M12="",0,SUMIFS($Q$58:$Q$85,$L$58:$L$85,">="&$M12,$L$58:$L$85,"<="&$N12)) -> 0 | AH12: =IF($M12="",0,SUMIFS($R$58:$R$85,$L$58:$L$85,">="&$M12,$L$58:$L$85,"<="&$N12)) -> 0
C13: =IF(B13="","",TEXT(B13,"ddd")) | E13: =IF(D13="","",IFERROR(INDEX(ProjNumbers,MATCH(D13,ProjNames,0)),"")) | F13: =IF(D13="","",IFERROR(INDEX(ProjCodes,MATCH(D13,ProjNames,0)),"")) | J13: =IF(COUNTA(B13,D13,G13,H13,I13)=0,"",IF(B13="","Enter date",IF(OR(B13<$AC$2,B13>$AC$3),"Date not in February",IF(D13="","Pick project",IF(ISNA(MATCH(D13,ProjNames,0)),"Project not in list",IF(G13="","Add task description",IF(H13="","Pick NTIME or P6",IF(N(I13)<=0,"Enter hours",IF(AND(AllowOT<>"Yes",SUMIF($B$7:$B$256,B13,$I$7:$I$256)>INDEX($O$58:$O$85,DAY(B13))),"Day over "&INDEX($O$58:$O$85,DAY(B13))&" h","✓"))))))))) | L13: ="Week 4"&IF(M13="",""," ("&DAY(M13)&"–"&DAY(N13)&")") -> Week 4 (16–22) | M13: =IF($AC$4+7*3>$AC$3,"",MAX($AC$2,$AC$4+7*3)) -> 46069 | N13: =IF(M13="","",MIN($AC$3,$AC$4+7*4-1)) -> 46075 | O13: =IF($M13="","",AF13+IF(OHSystem="NTIME",AH13,0)) -> 0 | P13: =IF($M13="","",AG13+IF(OHSystem="P6",AH13,0)) -> 0 | Q13: =IF($M13="","",AH13) -> 0 | R13: =IF($M13="","",SUMIFS($S$58:$S$85,$L$58:$L$85,">="&$M13,$L$58:$L$85,"<="&$N13)) -> 0 | S13: =IF($M13="","",SUMIFS($T$58:$T$85,$L$58:$L$85,">="&$M13,$L$58:$L$85,"<="&$N13)) -> 0 | W13: =IF(Projects!B11="","",Projects!B11) | X13: =IF(W13="",0,SUMIFS($I$7:$I$256,$D$7:$D$256,W13,$H$7:$H$256,"NTIME")) -> 0 | Y13: =IF(W13="",0,SUMIFS($I$7:$I$256,$D$7:$D$256,W13,$H$7:$H$256,"P6")) -> 0 | Z13: =X13+Y13 -> 0 | AA13: =IF(Z13>0,Z13+(201-7)/10^6,0) -> 0 | AF13: =IF($M13="",0,SUMIFS($P$58:$P$85,$L$58:$L$85,">="&$M13,$L$58:$L$85,"<="&$N13)) -> 0 | AG13: =IF($M13="",0,SUMIFS($Q$58:$Q$85,$L$58:$L$85,">="&$M13,$L$58:$L$85,"<="&$N13)) -> 0 | AH13: =IF($M13="",0,SUMIFS($R$58:$R$85,$L$58:$L$85,">="&$M13,$L$58:$L$85,"<="&$N13)) -> 0
C14: =IF(B14="","",TEXT(B14,"ddd")) | E14: =IF(D14="","",IFERROR(INDEX(ProjNumbers,MATCH(D14,ProjNames,0)),"")) | F14: =IF(D14="","",IFERROR(INDEX(ProjCodes,MATCH(D14,ProjNames,0)),"")) | J14: =IF(COUNTA(B14,D14,G14,H14,I14)=0,"",IF(B14="","Enter date",IF(OR(B14<$AC$2,B14>$AC$3),"Date not in February",IF(D14="","Pick project",IF(ISNA(MATCH(D14,ProjNames,0)),"Project not in list",IF(G14="","Add task description",IF(H14="","Pick NTIME or P6",IF(N(I14)<=0,"Enter hours",IF(AND(AllowOT<>"Yes",SUMIF($B$7:$B$256,B14,$I$7:$I$256)>INDEX($O$58:$O$85,DAY(B14))),"Day over "&INDEX($O$58:$O$85,DAY(B14))&" h","✓"))))))))) | L14: ="Week 5"&IF(M14="",""," ("&DAY(M14)&"–"&DAY(N14)&")") -> Week 5 (23–28) | M14: =IF($AC$4+7*4>$AC$3,"",MAX($AC$2,$AC$4+7*4)) -> 46076 | N14: =IF(M14="","",MIN($AC$3,$AC$4+7*5-1)) -> 46081 | O14: =IF($M14="","",AF14+IF(OHSystem="NTIME",AH14,0)) -> 0 | P14: =IF($M14="","",AG14+IF(OHSystem="P6",AH14,0)) -> 0 | Q14: =IF($M14="","",AH14) -> 0 | R14: =IF($M14="","",SUMIFS($S$58:$S$85,$L$58:$L$85,">="&$M14,$L$58:$L$85,"<="&$N14)) -> 0 | S14: =IF($M14="","",SUMIFS($T$58:$T$85,$L$58:$L$85,">="&$M14,$L$58:$L$85,"<="&$N14)) -> 0 | W14: =IF(Projects!B12="","",Projects!B12) | X14: =IF(W14="",0,SUMIFS($I$7:$I$256,$D$7:$D$256,W14,$H$7:$H$256,"NTIME")) -> 0 | Y14: =IF(W14="",0,SUMIFS($I$7:$I$256,$D$7:$D$256,W14,$H$7:$H$256,"P6")) -> 0 | Z14: =X14+Y14 -> 0 | AA14: =IF(Z14>0,Z14+(201-8)/10^6,0) -> 0 | AF14: =IF($M14="",0,SUMIFS($P$58:$P$85,$L$58:$L$85,">="&$M14,$L$58:$L$85,"<="&$N14)) -> 0 | AG14: =IF($M14="",0,SUMIFS($Q$58:$Q$85,$L$58:$L$85,">="&$M14,$L$58:$L$85,"<="&$N14)) -> 0 | AH14: =IF($M14="",0,SUMIFS($R$58:$R$85,$L$58:$L$85,">="&$M14,$L$58:$L$85,"<="&$N14)) -> 0
C15: =IF(B15="","",TEXT(B15,"ddd")) | E15: =IF(D15="","",IFERROR(INDEX(ProjNumbers,MATCH(D15,ProjNames,0)),"")) | F15: =IF(D15="","",IFERROR(INDEX(ProjCodes,MATCH(D15,ProjNames,0)),"")) | J15: =IF(COUNTA(B15,D15,G15,H15,I15)=0,"",IF(B15="","Enter date",IF(OR(B15<$AC$2,B15>$AC$3),"Date not in February",IF(D15="","Pick project",IF(ISNA(MATCH(D15,ProjNames,0)),"Project not in list",IF(G15="","Add task description",IF(H15="","Pick NTIME or P6",IF(N(I15)<=0,"Enter hours",IF(AND(AllowOT<>"Yes",SUMIF($B$7:$B$256,B15,$I$7:$I$256)>INDEX($O$58:$O$85,DAY(B15))),"Day over "&INDEX($O$58:$O$85,DAY(B15))&" h","✓"))))))))) | L15: ="Week 6"&IF(M15="",""," ("&DAY(M15)&"–"&DAY(N15)&")") -> Week 6 | M15: =IF($AC$4+7*5>$AC$3,"",MAX($AC$2,$AC$4+7*5)) | N15: =IF(M15="","",MIN($AC$3,$AC$4+7*6-1)) | O15: =IF($M15="","",AF15+IF(OHSystem="NTIME",AH15,0)) | P15: =IF($M15="","",AG15+IF(OHSystem="P6",AH15,0)) | Q15: =IF($M15="","",AH15) | R15: =IF($M15="","",SUMIFS($S$58:$S$85,$L$58:$L$85,">="&$M15,$L$58:$L$85,"<="&$N15)) | S15: =IF($M15="","",SUMIFS($T$58:$T$85,$L$58:$L$85,">="&$M15,$L$58:$L$85,"<="&$N15)) | W15: =IF(Projects!B13="","",Projects!B13) | X15: =IF(W15="",0,SUMIFS($I$7:$I$256,$D$7:$D$256,W15,$H$7:$H$256,"NTIME")) -> 0 | Y15: =IF(W15="",0,SUMIFS($I$7:$I$256,$D$7:$D$256,W15,$H$7:$H$256,"P6")) -> 0 | Z15: =X15+Y15 -> 0 | AA15: =IF(Z15>0,Z15+(201-9)/10^6,0) -> 0 | AF15: =IF($M15="",0,SUMIFS($P$58:$P$85,$L$58:$L$85,">="&$M15,$L$58:$L$85,"<="&$N15)) -> 0 | AG15: =IF($M15="",0,SUMIFS($Q$58:$Q$85,$L$58:$L$85,">="&$M15,$L$58:$L$85,"<="&$N15)) -> 0 | AH15: =IF($M15="",0,SUMIFS($R$58:$R$85,$L$58:$L$85,">="&$M15,$L$58:$L$85,"<="&$N15)) -> 0
C16: =IF(B16="","",TEXT(B16,"ddd")) | E16: =IF(D16="","",IFERROR(INDEX(ProjNumbers,MATCH(D16,ProjNames,0)),"")) | F16: =IF(D16="","",IFERROR(INDEX(ProjCodes,MATCH(D16,ProjNames,0)),"")) | J16: =IF(COUNTA(B16,D16,G16,H16,I16)=0,"",IF(B16="","Enter date",IF(OR(B16<$AC$2,B16>$AC$3),"Date not in February",IF(D16="","Pick project",IF(ISNA(MATCH(D16,ProjNames,0)),"Project not in list",IF(G16="","Add task description",IF(H16="","Pick NTIME or P6",IF(N(I16)<=0,"Enter hours",IF(AND(AllowOT<>"Yes",SUMIF($B$7:$B$256,B16,$I$7:$I$256)>INDEX($O$58:$O$85,DAY(B16))),"Day over "&INDEX($O$58:$O$85,DAY(B16))&" h","✓"))))))))) | L16: Month total | O16: =SUM(O10:O15) -> 0 | P16: =SUM(P10:P15) -> 0 | Q16: =SUM(Q10:Q15) -> 0 | R16: =SUM(R10:R15) -> 0 | S16: =SUM(S10:S15) -> 0 | W16: =IF(Projects!B14="","",Projects!B14) | X16: =IF(W16="",0,SUMIFS($I$7:$I$256,$D$7:$D$256,W16,$H$7:$H$256,"NTIME")) -> 0 | Y16: =IF(W16="",0,SUMIFS($I$7:$I$256,$D$7:$D$256,W16,$H$7:$H$256,"P6")) -> 0 | Z16: =X16+Y16 -> 0 | AA16: =IF(Z16>0,Z16+(201-10)/10^6,0) -> 0 | AF16: =SUM(AF10:AF15) -> 0 | AG16: =SUM(AG10:AG15) -> 0 | AH16: =SUM(AH10:AH15) -> 0
C17: =IF(B17="","",TEXT(B17,"ddd")) | E17: =IF(D17="","",IFERROR(INDEX(ProjNumbers,MATCH(D17,ProjNames,0)),"")) | F17: =IF(D17="","",IFERROR(INDEX(ProjCodes,MATCH(D17,ProjNames,0)),"")) | J17: =IF(COUNTA(B17,D17,G17,H17,I17)=0,"",IF(B17="","Enter date",IF(OR(B17<$AC$2,B17>$AC$3),"Date not in February",IF(D17="","Pick project",IF(ISNA(MATCH(D17,ProjNames,0)),"Project not in list",IF(G17="","Add task description",IF(H17="","Pick NTIME or P6",IF(N(I17)<=0,"Enter hours",IF(AND(AllowOT<>"Yes",SUMIF($B$7:$B$256,B17,$I$7:$I$256)>INDEX($O$58:$O$85,DAY(B17))),"Day over "&INDEX($O$58:$O$85,DAY(B17))&" h","✓"))))))))) | W17: =IF(Projects!B15="","",Projects!B15) | X17: =IF(W17="",0,SUMIFS($I$7:$I$256,$D$7:$D$256,W17,$H$7:$H$256,"NTIME")) -> 0 | Y17: =IF(W17="",0,SUMIFS($I$7:$I$256,$D$7:$D$256,W17,$H$7:$H$256,"P6")) -> 0 | Z17: =X17+Y17 -> 0 | AA17: =IF(Z17>0,Z17+(201-11)/10^6,0) -> 0
C18: =IF(B18="","",TEXT(B18,"ddd")) | E18: =IF(D18="","",IFERROR(INDEX(ProjNumbers,MATCH(D18,ProjNames,0)),"")) | F18: =IF(D18="","",IFERROR(INDEX(ProjCodes,MATCH(D18,ProjNames,0)),"")) | J18: =IF(COUNTA(B18,D18,G18,H18,I18)=0,"",IF(B18="","Enter date",IF(OR(B18<$AC$2,B18>$AC$3),"Date not in February",IF(D18="","Pick project",IF(ISNA(MATCH(D18,ProjNames,0)),"Project not in list",IF(G18="","Add task description",IF(H18="","Pick NTIME or P6",IF(N(I18)<=0,"Enter hours",IF(AND(AllowOT<>"Yes",SUMIF($B$7:$B$256,B18,$I$7:$I$256)>INDEX($O$58:$O$85,DAY(B18))),"Day over "&INDEX($O$58:$O$85,DAY(B18))&" h","✓"))))))))) | W18: =IF(Projects!B16="","",Projects!B16) | X18: =IF(W18="",0,SUMIFS($I$7:$I$256,$D$7:$D$256,W18,$H$7:$H$256,"NTIME")) -> 0 | Y18: =IF(W18="",0,SUMIFS($I$7:$I$256,$D$7:$D$256,W18,$H$7:$H$256,"P6")) -> 0 | Z18: =X18+Y18 -> 0 | AA18: =IF(Z18>0,Z18+(201-12)/10^6,0) -> 0
C19: =IF(B19="","",TEXT(B19,"ddd")) | E19: =IF(D19="","",IFERROR(INDEX(ProjNumbers,MATCH(D19,ProjNames,0)),"")) | F19: =IF(D19="","",IFERROR(INDEX(ProjCodes,MATCH(D19,ProjNames,0)),"")) | J19: =IF(COUNTA(B19,D19,G19,H19,I19)=0,"",IF(B19="","Enter date",IF(OR(B19<$AC$2,B19>$AC$3),"Date not in February",IF(D19="","Pick project",IF(ISNA(MATCH(D19,ProjNames,0)),"Project not in list",IF(G19="","Add task description",IF(H19="","Pick NTIME or P6",IF(N(I19)<=0,"Enter hours",IF(AND(AllowOT<>"Yes",SUMIF($B$7:$B$256,B19,$I$7:$I$256)>INDEX($O$58:$O$85,DAY(B19))),"Day over "&INDEX($O$58:$O$85,DAY(B19))&" h","✓"))))))))) | W19: =IF(Projects!B17="","",Projects!B17) | X19: =IF(W19="",0,SUMIFS($I$7:$I$256,$D$7:$D$256,W19,$H$7:$H$256,"NTIME")) -> 0 | Y19: =IF(W19="",0,SUMIFS($I$7:$I$256,$D$7:$D$256,W19,$H$7:$H$256,"P6")) -> 0 | Z19: =X19+Y19 -> 0 | AA19: =IF(Z19>0,Z19+(201-13)/10^6,0) -> 0
C20: =IF(B20="","",TEXT(B20,"ddd")) | E20: =IF(D20="","",IFERROR(INDEX(ProjNumbers,MATCH(D20,ProjNames,0)),"")) | F20: =IF(D20="","",IFERROR(INDEX(ProjCodes,MATCH(D20,ProjNames,0)),"")) | J20: =IF(COUNTA(B20,D20,G20,H20,I20)=0,"",IF(B20="","Enter date",IF(OR(B20<$AC$2,B20>$AC$3),"Date not in February",IF(D20="","Pick project",IF(ISNA(MATCH(D20,ProjNames,0)),"Project not in list",IF(G20="","Add task description",IF(H20="","Pick NTIME or P6",IF(N(I20)<=0,"Enter hours",IF(AND(AllowOT<>"Yes",SUMIF($B$7:$B$256,B20,$I$7:$I$256)>INDEX($O$58:$O$85,DAY(B20))),"Day over "&INDEX($O$58:$O$85,DAY(B20))&" h","✓"))))))))) | W20: =IF(Projects!B18="","",Projects!B18) | X20: =IF(W20="",0,SUMIFS($I$7:$I$256,$D$7:$D$256,W20,$H$7:$H$256,"NTIME")) -> 0 | Y20: =IF(W20="",0,SUMIFS($I$7:$I$256,$D$7:$D$256,W20,$H$7:$H$256,"P6")) -> 0 | Z20: =X20+Y20 -> 0 | AA20: =IF(Z20>0,Z20+(201-14)/10^6,0) -> 0
C21: =IF(B21="","",TEXT(B21,"ddd")) | E21: =IF(D21="","",IFERROR(INDEX(ProjNumbers,MATCH(D21,ProjNames,0)),"")) | F21: =IF(D21="","",IFERROR(INDEX(ProjCodes,MATCH(D21,ProjNames,0)),"")) | J21: =IF(COUNTA(B21,D21,G21,H21,I21)=0,"",IF(B21="","Enter date",IF(OR(B21<$AC$2,B21>$AC$3),"Date not in February",IF(D21="","Pick project",IF(ISNA(MATCH(D21,ProjNames,0)),"Project not in list",IF(G21="","Add task description",IF(H21="","Pick NTIME or P6",IF(N(I21)<=0,"Enter hours",IF(AND(AllowOT<>"Yes",SUMIF($B$7:$B$256,B21,$I$7:$I$256)>INDEX($O$58:$O$85,DAY(B21))),"Day over "&INDEX($O$58:$O$85,DAY(B21))&" h","✓"))))))))) | W21: =IF(Projects!B19="","",Projects!B19) | X21: =IF(W21="",0,SUMIFS($I$7:$I$256,$D$7:$D$256,W21,$H$7:$H$256,"NTIME")) -> 0 | Y21: =IF(W21="",0,SUMIFS($I$7:$I$256,$D$7:$D$256,W21,$H$7:$H$256,"P6")) -> 0 | Z21: =X21+Y21 -> 0 | AA21: =IF(Z21>0,Z21+(201-15)/10^6,0) -> 0
C22: =IF(B22="","",TEXT(B22,"ddd")) | E22: =IF(D22="","",IFERROR(INDEX(ProjNumbers,MATCH(D22,ProjNames,0)),"")) | F22: =IF(D22="","",IFERROR(INDEX(ProjCodes,MATCH(D22,ProjNames,0)),"")) | J22: =IF(COUNTA(B22,D22,G22,H22,I22)=0,"",IF(B22="","Enter date",IF(OR(B22<$AC$2,B22>$AC$3),"Date not in February",IF(D22="","Pick project",IF(ISNA(MATCH(D22,ProjNames,0)),"Project not in list",IF(G22="","Add task description",IF(H22="","Pick NTIME or P6",IF(N(I22)<=0,"Enter hours",IF(AND(AllowOT<>"Yes",SUMIF($B$7:$B$256,B22,$I$7:$I$256)>INDEX($O$58:$O$85,DAY(B22))),"Day over "&INDEX($O$58:$O$85,DAY(B22))&" h","✓"))))))))) | W22: =IF(Projects!B20="","",Projects!B20) | X22: =IF(W22="",0,SUMIFS($I$7:$I$256,$D$7:$D$256,W22,$H$7:$H$256,"NTIME")) -> 0 | Y22: =IF(W22="",0,SUMIFS($I$7:$I$256,$D$7:$D$256,W22,$H$7:$H$256,"P6")) -> 0 | Z22: =X22+Y22 -> 0 | AA22: =IF(Z22>0,Z22+(201-16)/10^6,0) -> 0
C23: =IF(B23="","",TEXT(B23,"ddd")) | E23: =IF(D23="","",IFERROR(INDEX(ProjNumbers,MATCH(D23,ProjNames,0)),"")) | F23: =IF(D23="","",IFERROR(INDEX(ProjCodes,MATCH(D23,ProjNames,0)),"")) | J23: =IF(COUNTA(B23,D23,G23,H23,I23)=0,"",IF(B23="","Enter date",IF(OR(B23<$AC$2,B23>$AC$3),"Date not in February",IF(D23="","Pick project",IF(ISNA(MATCH(D23,ProjNames,0)),"Project not in list",IF(G23="","Add task description",IF(H23="","Pick NTIME or P6",IF(N(I23)<=0,"Enter hours",IF(AND(AllowOT<>"Yes",SUMIF($B$7:$B$256,B23,$I$7:$I$256)>INDEX($O$58:$O$85,DAY(B23))),"Day over "&INDEX($O$58:$O$85,DAY(B23))&" h","✓"))))))))) | W23: =IF(Projects!B21="","",Projects!B21) | X23: =IF(W23="",0,SUMIFS($I$7:$I$256,$D$7:$D$256,W23,$H$7:$H$256,"NTIME")) -> 0 | Y23: =IF(W23="",0,SUMIFS($I$7:$I$256,$D$7:$D$256,W23,$H$7:$H$256,"P6")) -> 0 | Z23: =X23+Y23 -> 0 | AA23: =IF(Z23>0,Z23+(201-17)/10^6,0) -> 0
C24: =IF(B24="","",TEXT(B24,"ddd")) | E24: =IF(D24="","",IFERROR(INDEX(ProjNumbers,MATCH(D24,ProjNames,0)),"")) | F24: =IF(D24="","",IFERROR(INDEX(ProjCodes,MATCH(D24,ProjNames,0)),"")) | J24: =IF(COUNTA(B24,D24,G24,H24,I24)=0,"",IF(B24="","Enter date",IF(OR(B24<$AC$2,B24>$AC$3),"Date not in February",IF(D24="","Pick project",IF(ISNA(MATCH(D24,ProjNames,0)),"Project not in list",IF(G24="","Add task description",IF(H24="","Pick NTIME or P6",IF(N(I24)<=0,"Enter hours",IF(AND(AllowOT<>"Yes",SUMIF($B$7:$B$256,B24,$I$7:$I$256)>INDEX($O$58:$O$85,DAY(B24))),"Day over "&INDEX($O$58:$O$85,DAY(B24))&" h","✓"))))))))) | W24: =IF(Projects!B22="","",Projects!B22) | X24: =IF(W24="",0,SUMIFS($I$7:$I$256,$D$7:$D$256,W24,$H$7:$H$256,"NTIME")) -> 0 | Y24: =IF(W24="",0,SUMIFS($I$7:$I$256,$D$7:$D$256,W24,$H$7:$H$256,"P6")) -> 0 | Z24: =X24+Y24 -> 0 | AA24: =IF(Z24>0,Z24+(201-18)/10^6,0) -> 0
C25: =IF(B25="","",TEXT(B25,"ddd")) | E25: =IF(D25="","",IFERROR(INDEX(ProjNumbers,MATCH(D25,ProjNames,0)),"")) | F25: =IF(D25="","",IFERROR(INDEX(ProjCodes,MATCH(D25,ProjNames,0)),"")) | J25: =IF(COUNTA(B25,D25,G25,H25,I25)=0,"",IF(B25="","Enter date",IF(OR(B25<$AC$2,B25>$AC$3),"Date not in February",IF(D25="","Pick project",IF(ISNA(MATCH(D25,ProjNames,0)),"Project not in list",IF(G25="","Add task description",IF(H25="","Pick NTIME or P6",IF(N(I25)<=0,"Enter hours",IF(AND(AllowOT<>"Yes",SUMIF($B$7:$B$256,B25,$I$7:$I$256)>INDEX($O$58:$O$85,DAY(B25))),"Day over "&INDEX($O$58:$O$85,DAY(B25))&" h","✓"))))))))) | W25: =IF(Projects!B23="","",Projects!B23) | X25: =IF(W25="",0,SUMIFS($I$7:$I$256,$D$7:$D$256,W25,$H$7:$H$256,"NTIME")) -> 0 | Y25: =IF(W25="",0,SUMIFS($I$7:$I$256,$D$7:$D$256,W25,$H$7:$H$256,"P6")) -> 0 | Z25: =X25+Y25 -> 0 | AA25: =IF(Z25>0,Z25+(201-19)/10^6,0) -> 0
C26: =IF(B26="","",TEXT(B26,"ddd")) | E26: =IF(D26="","",IFERROR(INDEX(ProjNumbers,MATCH(D26,ProjNames,0)),"")) | F26: =IF(D26="","",IFERROR(INDEX(ProjCodes,MATCH(D26,ProjNames,0)),"")) | J26: =IF(COUNTA(B26,D26,G26,H26,I26)=0,"",IF(B26="","Enter date",IF(OR(B26<$AC$2,B26>$AC$3),"Date not in February",IF(D26="","Pick project",IF(ISNA(MATCH(D26,ProjNames,0)),"Project not in list",IF(G26="","Add task description",IF(H26="","Pick NTIME or P6",IF(N(I26)<=0,"Enter hours",IF(AND(AllowOT<>"Yes",SUMIF($B$7:$B$256,B26,$I$7:$I$256)>INDEX($O$58:$O$85,DAY(B26))),"Day over "&INDEX($O$58:$O$85,DAY(B26))&" h","✓"))))))))) | W26: =IF(Projects!B24="","",Projects!B24) | X26: =IF(W26="",0,SUMIFS($I$7:$I$256,$D$7:$D$256,W26,$H$7:$H$256,"NTIME")) -> 0 | Y26: =IF(W26="",0,SUMIFS($I$7:$I$256,$D$7:$D$256,W26,$H$7:$H$256,"P6")) -> 0 | Z26: =X26+Y26 -> 0 | AA26: =IF(Z26>0,Z26+(201-20)/10^6,0) -> 0
C27: =IF(B27="","",TEXT(B27,"ddd")) | E27: =IF(D27="","",IFERROR(INDEX(ProjNumbers,MATCH(D27,ProjNames,0)),"")) | F27: =IF(D27="","",IFERROR(INDEX(ProjCodes,MATCH(D27,ProjNames,0)),"")) | J27: =IF(COUNTA(B27,D27,G27,H27,I27)=0,"",IF(B27="","Enter date",IF(OR(B27<$AC$2,B27>$AC$3),"Date not in February",IF(D27="","Pick project",IF(ISNA(MATCH(D27,ProjNames,0)),"Project not in list",IF(G27="","Add task description",IF(H27="","Pick NTIME or P6",IF(N(I27)<=0,"Enter hours",IF(AND(AllowOT<>"Yes",SUMIF($B$7:$B$256,B27,$I$7:$I$256)>INDEX($O$58:$O$85,DAY(B27))),"Day over "&INDEX($O$58:$O$85,DAY(B27))&" h","✓"))))))))) | W27: =IF(Projects!B25="","",Projects!B25) | X27: =IF(W27="",0,SUMIFS($I$7:$I$256,$D$7:$D$256,W27,$H$7:$H$256,"NTIME")) -> 0 | Y27: =IF(W27="",0,SUMIFS($I$7:$I$256,$D$7:$D$256,W27,$H$7:$H$256,"P6")) -> 0 | Z27: =X27+Y27 -> 0 | AA27: =IF(Z27>0,Z27+(201-21)/10^6,0) -> 0
C28: =IF(B28="","",TEXT(B28,"ddd")) | E28: =IF(D28="","",IFERROR(INDEX(ProjNumbers,MATCH(D28,ProjNames,0)),"")) | F28: =IF(D28="","",IFERROR(INDEX(ProjCodes,MATCH(D28,ProjNames,0)),"")) | J28: =IF(COUNTA(B28,D28,G28,H28,I28)=0,"",IF(B28="","Enter date",IF(OR(B28<$AC$2,B28>$AC$3),"Date not in February",IF(D28="","Pick project",IF(ISNA(MATCH(D28,ProjNames,0)),"Project not in list",IF(G28="","Add task description",IF(H28="","Pick NTIME or P6",IF(N(I28)<=0,"Enter hours",IF(AND(AllowOT<>"Yes",SUMIF($B$7:$B$256,B28,$I$7:$I$256)>INDEX($O$58:$O$85,DAY(B28))),"Day over "&INDEX($O$58:$O$85,DAY(B28))&" h","✓"))))))))) | W28: =IF(Projects!B26="","",Projects!B26) | X28: =IF(W28="",0,SUMIFS($I$7:$I$256,$D$7:$D$256,W28,$H$7:$H$256,"NTIME")) -> 0 | Y28: =IF(W28="",0,SUMIFS($I$7:$I$256,$D$7:$D$256,W28,$H$7:$H$256,"P6")) -> 0 | Z28: =X28+Y28 -> 0 | AA28: =IF(Z28>0,Z28+(201-22)/10^6,0) -> 0
C29: =IF(B29="","",TEXT(B29,"ddd")) | E29: =IF(D29="","",IFERROR(INDEX(ProjNumbers,MATCH(D29,ProjNames,0)),"")) | F29: =IF(D29="","",IFERROR(INDEX(ProjCodes,MATCH(D29,ProjNames,0)),"")) | J29: =IF(COUNTA(B29,D29,G29,H29,I29)=0,"",IF(B29="","Enter date",IF(OR(B29<$AC$2,B29>$AC$3),"Date not in February",IF(D29="","Pick project",IF(ISNA(MATCH(D29,ProjNames,0)),"Project not in list",IF(G29="","Add task description",IF(H29="","Pick NTIME or P6",IF(N(I29)<=0,"Enter hours",IF(AND(AllowOT<>"Yes",SUMIF($B$7:$B$256,B29,$I$7:$I$256)>INDEX($O$58:$O$85,DAY(B29))),"Day over "&INDEX($O$58:$O$85,DAY(B29))&" h","✓"))))))))) | W29: =IF(Projects!B27="","",Projects!B27) | X29: =IF(W29="",0,SUMIFS($I$7:$I$256,$D$7:$D$256,W29,$H$7:$H$256,"NTIME")) -> 0 | Y29: =IF(W29="",0,SUMIFS($I$7:$I$256,$D$7:$D$256,W29,$H$7:$H$256,"P6")) -> 0 | Z29: =X29+Y29 -> 0 | AA29: =IF(Z29>0,Z29+(201-23)/10^6,0) -> 0
C30: =IF(B30="","",TEXT(B30,"ddd")) | E30: =IF(D30="","",IFERROR(INDEX(ProjNumbers,MATCH(D30,ProjNames,0)),"")) | F30: =IF(D30="","",IFERROR(INDEX(ProjCodes,MATCH(D30,ProjNames,0)),"")) | J30: =IF(COUNTA(B30,D30,G30,H30,I30)=0,"",IF(B30="","Enter date",IF(OR(B30<$AC$2,B30>$AC$3),"Date not in February",IF(D30="","Pick project",IF(ISNA(MATCH(D30,ProjNames,0)),"Project not in list",IF(G30="","Add task description",IF(H30="","Pick NTIME or P6",IF(N(I30)<=0,"Enter hours",IF(AND(AllowOT<>"Yes",SUMIF($B$7:$B$256,B30,$I$7:$I$256)>INDEX($O$58:$O$85,DAY(B30))),"Day over "&INDEX($O$58:$O$85,DAY(B30))&" h","✓"))))))))) | W30: =IF(Projects!B28="","",Projects!B28) | X30: =IF(W30="",0,SUMIFS($I$7:$I$256,$D$7:$D$256,W30,$H$7:$H$256,"NTIME")) -> 0 | Y30: =IF(W30="",0,SUMIFS($I$7:$I$256,$D$7:$D$256,W30,$H$7:$H$256,"P6")) -> 0 | Z30: =X30+Y30 -> 0 | AA30: =IF(Z30>0,Z30+(201-24)/10^6,0) -> 0
C31: =IF(B31="","",TEXT(B31,"ddd")) | E31: =IF(D31="","",IFERROR(INDEX(ProjNumbers,MATCH(D31,ProjNames,0)),"")) | F31: =IF(D31="","",IFERROR(INDEX(ProjCodes,MATCH(D31,ProjNames,0)),"")) | J31: =IF(COUNTA(B31,D31,G31,H31,I31)=0,"",IF(B31="","Enter date",IF(OR(B31<$AC$2,B31>$AC$3),"Date not in February",IF(D31="","Pick project",IF(ISNA(MATCH(D31,ProjNames,0)),"Project not in list",IF(G31="","Add task description",IF(H31="","Pick NTIME or P6",IF(N(I31)<=0,"Enter hours",IF(AND(AllowOT<>"Yes",SUMIF($B$7:$B$256,B31,$I$7:$I$256)>INDEX($O$58:$O$85,DAY(B31))),"Day over "&INDEX($O$58:$O$85,DAY(B31))&" h","✓"))))))))) | W31: =IF(Projects!B29="","",Projects!B29) | X31: =IF(W31="",0,SUMIFS($I$7:$I$256,$D$7:$D$256,W31,$H$7:$H$256,"NTIME")) -> 0 | Y31: =IF(W31="",0,SUMIFS($I$7:$I$256,$D$7:$D$256,W31,$H$7:$H$256,"P6")) -> 0 | Z31: =X31+Y31 -> 0 | AA31: =IF(Z31>0,Z31+(201-25)/10^6,0) -> 0
C32: =IF(B32="","",TEXT(B32,"ddd")) | E32: =IF(D32="","",IFERROR(INDEX(ProjNumbers,MATCH(D32,ProjNames,0)),"")) | F32: =IF(D32="","",IFERROR(INDEX(ProjCodes,MATCH(D32,ProjNames,0)),"")) | J32: =IF(COUNTA(B32,D32,G32,H32,I32)=0,"",IF(B32="","Enter date",IF(OR(B32<$AC$2,B32>$AC$3),"Date not in February",IF(D32="","Pick project",IF(ISNA(MATCH(D32,ProjNames,0)),"Project not in list",IF(G32="","Add task description",IF(H32="","Pick NTIME or P6",IF(N(I32)<=0,"Enter hours",IF(AND(AllowOT<>"Yes",SUMIF($B$7:$B$256,B32,$I$7:$I$256)>INDEX($O$58:$O$85,DAY(B32))),"Day over "&INDEX($O$58:$O$85,DAY(B32))&" h","✓"))))))))) | W32: =IF(Projects!B30="","",Projects!B30) | X32: =IF(W32="",0,SUMIFS($I$7:$I$256,$D$7:$D$256,W32,$H$7:$H$256,"NTIME")) -> 0 | Y32: =IF(W32="",0,SUMIFS($I$7:$I$256,$D$7:$D$256,W32,$H$7:$H$256,"P6")) -> 0 | Z32: =X32+Y32 -> 0 | AA32: =IF(Z32>0,Z32+(201-26)/10^6,0) -> 0
C33: =IF(B33="","",TEXT(B33,"ddd")) | E33: =IF(D33="","",IFERROR(INDEX(ProjNumbers,MATCH(D33,ProjNames,0)),"")) | F33: =IF(D33="","",IFERROR(INDEX(ProjCodes,MATCH(D33,ProjNames,0)),"")) | J33: =IF(COUNTA(B33,D33,G33,H33,I33)=0,"",IF(B33="","Enter date",IF(OR(B33<$AC$2,B33>$AC$3),"Date not in February",IF(D33="","Pick project",IF(ISNA(MATCH(D33,ProjNames,0)),"Project not in list",IF(G33="","Add task description",IF(H33="","Pick NTIME or P6",IF(N(I33)<=0,"Enter hours",IF(AND(AllowOT<>"Yes",SUMIF($B$7:$B$256,B33,$I$7:$I$256)>INDEX($O$58:$O$85,DAY(B33))),"Day over "&INDEX($O$58:$O$85,DAY(B33))&" h","✓"))))))))) | W33: =IF(Projects!B31="","",Projects!B31) | X33: =IF(W33="",0,SUMIFS($I$7:$I$256,$D$7:$D$256,W33,$H$7:$H$256,"NTIME")) -> 0 | Y33: =IF(W33="",0,SUMIFS($I$7:$I$256,$D$7:$D$256,W33,$H$7:$H$256,"P6")) -> 0 | Z33: =X33+Y33 -> 0 | AA33: =IF(Z33>0,Z33+(201-27)/10^6,0) -> 0
C34: =IF(B34="","",TEXT(B34,"ddd")) | E34: =IF(D34="","",IFERROR(INDEX(ProjNumbers,MATCH(D34,ProjNames,0)),"")) | F34: =IF(D34="","",IFERROR(INDEX(ProjCodes,MATCH(D34,ProjNames,0)),"")) | J34: =IF(COUNTA(B34,D34,G34,H34,I34)=0,"",IF(B34="","Enter date",IF(OR(B34<$AC$2,B34>$AC$3),"Date not in February",IF(D34="","Pick project",IF(ISNA(MATCH(D34,ProjNames,0)),"Project not in list",IF(G34="","Add task description",IF(H34="","Pick NTIME or P6",IF(N(I34)<=0,"Enter hours",IF(AND(AllowOT<>"Yes",SUMIF($B$7:$B$256,B34,$I$7:$I$256)>INDEX($O$58:$O$85,DAY(B34))),"Day over "&INDEX($O$58:$O$85,DAY(B34))&" h","✓"))))))))) | W34: =IF(Projects!B32="","",Projects!B32) | X34: =IF(W34="",0,SUMIFS($I$7:$I$256,$D$7:$D$256,W34,$H$7:$H$256,"NTIME")) -> 0 | Y34: =IF(W34="",0,SUMIFS($I$7:$I$256,$D$7:$D$256,W34,$H$7:$H$256,"P6")) -> 0 | Z34: =X34+Y34 -> 0 | AA34: =IF(Z34>0,Z34+(201-28)/10^6,0) -> 0
C35: =IF(B35="","",TEXT(B35,"ddd")) | E35: =IF(D35="","",IFERROR(INDEX(ProjNumbers,MATCH(D35,ProjNames,0)),"")) | F35: =IF(D35="","",IFERROR(INDEX(ProjCodes,MATCH(D35,ProjNames,0)),"")) | J35: =IF(COUNTA(B35,D35,G35,H35,I35)=0,"",IF(B35="","Enter date",IF(OR(B35<$AC$2,B35>$AC$3),"Date not in February",IF(D35="","Pick project",IF(ISNA(MATCH(D35,ProjNames,0)),"Project not in list",IF(G35="","Add task description",IF(H35="","Pick NTIME or P6",IF(N(I35)<=0,"Enter hours",IF(AND(AllowOT<>"Yes",SUMIF($B$7:$B$256,B35,$I$7:$I$256)>INDEX($O$58:$O$85,DAY(B35))),"Day over "&INDEX($O$58:$O$85,DAY(B35))&" h","✓"))))))))) | L35: PROJECTS THIS MONTH | W35: =IF(Projects!B33="","",Projects!B33) | X35: =IF(W35="",0,SUMIFS($I$7:$I$256,$D$7:$D$256,W35,$H$7:$H$256,"NTIME")) -> 0 | Y35: =IF(W35="",0,SUMIFS($I$7:$I$256,$D$7:$D$256,W35,$H$7:$H$256,"P6")) -> 0 | Z35: =X35+Y35 -> 0 | AA35: =IF(Z35>0,Z35+(201-29)/10^6,0) -> 0
C36: =IF(B36="","",TEXT(B36,"ddd")) | E36: =IF(D36="","",IFERROR(INDEX(ProjNumbers,MATCH(D36,ProjNames,0)),"")) | F36: =IF(D36="","",IFERROR(INDEX(ProjCodes,MATCH(D36,ProjNames,0)),"")) | J36: =IF(COUNTA(B36,D36,G36,H36,I36)=0,"",IF(B36="","Enter date",IF(OR(B36<$AC$2,B36>$AC$3),"Date not in February",IF(D36="","Pick project",IF(ISNA(MATCH(D36,ProjNames,0)),"Project not in list",IF(G36="","Add task description",IF(H36="","Pick NTIME or P6",IF(N(I36)<=0,"Enter hours",IF(AND(AllowOT<>"Yes",SUMIF($B$7:$B$256,B36,$I$7:$I$256)>INDEX($O$58:$O$85,DAY(B36))),"Day over "&INDEX($O$58:$O$85,DAY(B36))&" h","✓"))))))))) | L36: Project | M36: Project Number | N36: Oracle Code | O36: NTIME | P36: P6 | Q36: Total | R36: % of month | W36: =IF(Projects!B34="","",Projects!B34) | X36: =IF(W36="",0,SUMIFS($I$7:$I$256,$D$7:$D$256,W36,$H$7:$H$256,"NTIME")) -> 0 | Y36: =IF(W36="",0,SUMIFS($I$7:$I$256,$D$7:$D$256,W36,$H$7:$H$256,"P6")) -> 0 | Z36: =X36+Y36 -> 0 | AA36: =IF(Z36>0,Z36+(201-30)/10^6,0) -> 0
C37: =IF(B37="","",TEXT(B37,"ddd")) | E37: =IF(D37="","",IFERROR(INDEX(ProjNumbers,MATCH(D37,ProjNames,0)),"")) | F37: =IF(D37="","",IFERROR(INDEX(ProjCodes,MATCH(D37,ProjNames,0)),"")) | J37: =IF(COUNTA(B37,D37,G37,H37,I37)=0,"",IF(B37="","Enter date",IF(OR(B37<$AC$2,B37>$AC$3),"Date not in February",IF(D37="","Pick project",IF(ISNA(MATCH(D37,ProjNames,0)),"Project not in list",IF(G37="","Add task description",IF(H37="","Pick NTIME or P6",IF(N(I37)<=0,"Enter hours",IF(AND(AllowOT<>"Yes",SUMIF($B$7:$B$256,B37,$I$7:$I$256)>INDEX($O$58:$O$85,DAY(B37))),"Day over "&INDEX($O$58:$O$85,DAY(B37))&" h","✓"))))))))) | L37: =IF($AD37=0,"",INDEX($W$7:$W$206,$AD37)) | M37: =IF($AD37=0,"",INDEX(ProjNumbers,$AD37)) | N37: =IF($AD37=0,"",INDEX(ProjCodes,$AD37)) | O37: =IF($AD37=0,"",INDEX($X$7:$X$206,$AD37)) | P37: =IF($AD37=0,"",INDEX($Y$7:$Y$206,$AD37)) | Q37: =IF($AD37=0,"",INDEX($Z$7:$Z$206,$AD37)) | R37: =IF(OR($AD37=0,$L$5=0),"",Q37/$L$5) | W37: =IF(Projects!B35="","",Projects!B35) | X37: =IF(W37="",0,SUMIFS($I$7:$I$256,$D$7:$D$256,W37,$H$7:$H$256,"NTIME")) -> 0 | Y37: =IF(W37="",0,SUMIFS($I$7:$I$256,$D$7:$D$256,W37,$H$7:$H$256,"P6")) -> 0 | Z37: =X37+Y37 -> 0 | AA37: =IF(Z37>0,Z37+(201-31)/10^6,0) -> 0 | AD37: =IF(LARGE($AA$7:$AA$206,1)<=0,0,MATCH(LARGE($AA$7:$AA$206,1),$AA$7:$AA$206,0)) -> 0
C38: =IF(B38="","",TEXT(B38,"ddd")) | E38: =IF(D38="","",IFERROR(INDEX(ProjNumbers,MATCH(D38,ProjNames,0)),"")) | F38: =IF(D38="","",IFERROR(INDEX(ProjCodes,MATCH(D38,ProjNames,0)),"")) | J38: =IF(COUNTA(B38,D38,G38,H38,I38)=0,"",IF(B38="","Enter date",IF(OR(B38<$AC$2,B38>$AC$3),"Date not in February",IF(D38="","Pick project",IF(ISNA(MATCH(D38,ProjNames,0)),"Project not in list",IF(G38="","Add task description",IF(H38="","Pick NTIME or P6",IF(N(I38)<=0,"Enter hours",IF(AND(AllowOT<>"Yes",SUMIF($B$7:$B$256,B38,$I$7:$I$256)>INDEX($O$58:$O$85,DAY(B38))),"Day over "&INDEX($O$58:$O$85,DAY(B38))&" h","✓"))))))))) | L38: =IF($AD38=0,"",INDEX($W$7:$W$206,$AD38)) | M38: =IF($AD38=0,"",INDEX(ProjNumbers,$AD38)) | N38: =IF($AD38=0,"",INDEX(ProjCodes,$AD38)) | O38: =IF($AD38=0,"",INDEX($X$7:$X$206,$AD38)) | P38: =IF($AD38=0,"",INDEX($Y$7:$Y$206,$AD38)) | Q38: =IF($AD38=0,"",INDEX($Z$7:$Z$206,$AD38)) | R38: =IF(OR($AD38=0,$L$5=0),"",Q38/$L$5) | W38: =IF(Projects!B36="","",Projects!B36) | X38: =IF(W38="",0,SUMIFS($I$7:$I$256,$D$7:$D$256,W38,$H$7:$H$256,"NTIME")) -> 0 | Y38: =IF(W38="",0,SUMIFS($I$7:$I$256,$D$7:$D$256,W38,$H$7:$H$256,"P6")) -> 0 | Z38: =X38+Y38 -> 0 | AA38: =IF(Z38>0,Z38+(201-32)/10^6,0) -> 0 | AD38: =IF(LARGE($AA$7:$AA$206,2)<=0,0,MATCH(LARGE($AA$7:$AA$206,2),$AA$7:$AA$206,0)) -> 0
C39: =IF(B39="","",TEXT(B39,"ddd")) | E39: =IF(D39="","",IFERROR(INDEX(ProjNumbers,MATCH(D39,ProjNames,0)),"")) | F39: =IF(D39="","",IFERROR(INDEX(ProjCodes,MATCH(D39,ProjNames,0)),"")) | J39: =IF(COUNTA(B39,D39,G39,H39,I39)=0,"",IF(B39="","Enter date",IF(OR(B39<$AC$2,B39>$AC$3),"Date not in February",IF(D39="","Pick project",IF(ISNA(MATCH(D39,ProjNames,0)),"Project not in list",IF(G39="","Add task description",IF(H39="","Pick NTIME or P6",IF(N(I39)<=0,"Enter hours",IF(AND(AllowOT<>"Yes",SUMIF($B$7:$B$256,B39,$I$7:$I$256)>INDEX($O$58:$O$85,DAY(B39))),"Day over "&INDEX($O$58:$O$85,DAY(B39))&" h","✓"))))))))) | L39: =IF($AD39=0,"",INDEX($W$7:$W$206,$AD39)) | M39: =IF($AD39=0,"",INDEX(ProjNumbers,$AD39)) | N39: =IF($AD39=0,"",INDEX(ProjCodes,$AD39)) | O39: =IF($AD39=0,"",INDEX($X$7:$X$206,$AD39)) | P39: =IF($AD39=0,"",INDEX($Y$7:$Y$206,$AD39)) | Q39: =IF($AD39=0,"",INDEX($Z$7:$Z$206,$AD39)) | R39: =IF(OR($AD39=0,$L$5=0),"",Q39/$L$5) | W39: =IF(Projects!B37="","",Projects!B37) | X39: =IF(W39="",0,SUMIFS($I$7:$I$256,$D$7:$D$256,W39,$H$7:$H$256,"NTIME")) -> 0 | Y39: =IF(W39="",0,SUMIFS($I$7:$I$256,$D$7:$D$256,W39,$H$7:$H$256,"P6")) -> 0 | Z39: =X39+Y39 -> 0 | AA39: =IF(Z39>0,Z39+(201-33)/10^6,0) -> 0 | AD39: =IF(LARGE($AA$7:$AA$206,3)<=0,0,MATCH(LARGE($AA$7:$AA$206,3),$AA$7:$AA$206,0)) -> 0
C40: =IF(B40="","",TEXT(B40,"ddd")) | E40: =IF(D40="","",IFERROR(INDEX(ProjNumbers,MATCH(D40,ProjNames,0)),"")) | F40: =IF(D40="","",IFERROR(INDEX(ProjCodes,MATCH(D40,ProjNames,0)),"")) | J40: =IF(COUNTA(B40,D40,G40,H40,I40)=0,"",IF(B40="","Enter date",IF(OR(B40<$AC$2,B40>$AC$3),"Date not in February",IF(D40="","Pick project",IF(ISNA(MATCH(D40,ProjNames,0)),"Project not in list",IF(G40="","Add task description",IF(H40="","Pick NTIME or P6",IF(N(I40)<=0,"Enter hours",IF(AND(AllowOT<>"Yes",SUMIF($B$7:$B$256,B40,$I$7:$I$256)>INDEX($O$58:$O$85,DAY(B40))),"Day over "&INDEX($O$58:$O$85,DAY(B40))&" h","✓"))))))))) | L40: =IF($AD40=0,"",INDEX($W$7:$W$206,$AD40)) | M40: =IF($AD40=0,"",INDEX(ProjNumbers,$AD40)) | N40: =IF($AD40=0,"",INDEX(ProjCodes,$AD40)) | O40: =IF($AD40=0,"",INDEX($X$7:$X$206,$AD40)) | P40: =IF($AD40=0,"",INDEX($Y$7:$Y$206,$AD40)) | Q40: =IF($AD40=0,"",INDEX($Z$7:$Z$206,$AD40)) | R40: =IF(OR($AD40=0,$L$5=0),"",Q40/$L$5) | W40: =IF(Projects!B38="","",Projects!B38) | X40: =IF(W40="",0,SUMIFS($I$7:$I$256,$D$7:$D$256,W40,$H$7:$H$256,"NTIME")) -> 0 | Y40: =IF(W40="",0,SUMIFS($I$7:$I$256,$D$7:$D$256,W40,$H$7:$H$256,"P6")) -> 0 | Z40: =X40+Y40 -> 0 | AA40: =IF(Z40>0,Z40+(201-34)/10^6,0) -> 0 | AD40: =IF(LARGE($AA$7:$AA$206,4)<=0,0,MATCH(LARGE($AA$7:$AA$206,4),$AA$7:$AA$206,0)) -> 0
C41: =IF(B41="","",TEXT(B41,"ddd")) | E41: =IF(D41="","",IFERROR(INDEX(ProjNumbers,MATCH(D41,ProjNames,0)),"")) | F41: =IF(D41="","",IFERROR(INDEX(ProjCodes,MATCH(D41,ProjNames,0)),"")) | J41: =IF(COUNTA(B41,D41,G41,H41,I41)=0,"",IF(B41="","Enter date",IF(OR(B41<$AC$2,B41>$AC$3),"Date not in February",IF(D41="","Pick project",IF(ISNA(MATCH(D41,ProjNames,0)),"Project not in list",IF(G41="","Add task description",IF(H41="","Pick NTIME or P6",IF(N(I41)<=0,"Enter hours",IF(AND(AllowOT<>"Yes",SUMIF($B$7:$B$256,B41,$I$7:$I$256)>INDEX($O$58:$O$85,DAY(B41))),"Day over "&INDEX($O$58:$O$85,DAY(B41))&" h","✓"))))))))) | L41: =IF($AD41=0,"",INDEX($W$7:$W$206,$AD41)) | M41: =IF($AD41=0,"",INDEX(ProjNumbers,$AD41)) | N41: =IF($AD41=0,"",INDEX(ProjCodes,$AD41)) | O41: =IF($AD41=0,"",INDEX($X$7:$X$206,$AD41)) | P41: =IF($AD41=0,"",INDEX($Y$7:$Y$206,$AD41)) | Q41: =IF($AD41=0,"",INDEX($Z$7:$Z$206,$AD41)) | R41: =IF(OR($AD41=0,$L$5=0),"",Q41/$L$5) | W41: =IF(Projects!B39="","",Projects!B39) | X41: =IF(W41="",0,SUMIFS($I$7:$I$256,$D$7:$D$256,W41,$H$7:$H$256,"NTIME")) -> 0 | Y41: =IF(W41="",0,SUMIFS($I$7:$I$256,$D$7:$D$256,W41,$H$7:$H$256,"P6")) -> 0 | Z41: =X41+Y41 -> 0 | AA41: =IF(Z41>0,Z41+(201-35)/10^6,0) -> 0 | AD41: =IF(LARGE($AA$7:$AA$206,5)<=0,0,MATCH(LARGE($AA$7:$AA$206,5),$AA$7:$AA$206,0)) -> 0
C42: =IF(B42="","",TEXT(B42,"ddd")) | E42: =IF(D42="","",IFERROR(INDEX(ProjNumbers,MATCH(D42,ProjNames,0)),"")) | F42: =IF(D42="","",IFERROR(INDEX(ProjCodes,MATCH(D42,ProjNames,0)),"")) | J42: =IF(COUNTA(B42,D42,G42,H42,I42)=0,"",IF(B42="","Enter date",IF(OR(B42<$AC$2,B42>$AC$3),"Date not in February",IF(D42="","Pick project",IF(ISNA(MATCH(D42,ProjNames,0)),"Project not in list",IF(G42="","Add task description",IF(H42="","Pick NTIME or P6",IF(N(I42)<=0,"Enter hours",IF(AND(AllowOT<>"Yes",SUMIF($B$7:$B$256,B42,$I$7:$I$256)>INDEX($O$58:$O$85,DAY(B42))),"Day over "&INDEX($O$58:$O$85,DAY(B42))&" h","✓"))))))))) | L42: =IF($AD42=0,"",INDEX($W$7:$W$206,$AD42)) | M42: =IF($AD42=0,"",INDEX(ProjNumbers,$AD42)) | N42: =IF($AD42=0,"",INDEX(ProjCodes,$AD42)) | O42: =IF($AD42=0,"",INDEX($X$7:$X$206,$AD42)) | P42: =IF($AD42=0,"",INDEX($Y$7:$Y$206,$AD42)) | Q42: =IF($AD42=0,"",INDEX($Z$7:$Z$206,$AD42)) | R42: =IF(OR($AD42=0,$L$5=0),"",Q42/$L$5) | W42: =IF(Projects!B40="","",Projects!B40) | X42: =IF(W42="",0,SUMIFS($I$7:$I$256,$D$7:$D$256,W42,$H$7:$H$256,"NTIME")) -> 0 | Y42: =IF(W42="",0,SUMIFS($I$7:$I$256,$D$7:$D$256,W42,$H$7:$H$256,"P6")) -> 0 | Z42: =X42+Y42 -> 0 | AA42: =IF(Z42>0,Z42+(201-36)/10^6,0) -> 0 | AD42: =IF(LARGE($AA$7:$AA$206,6)<=0,0,MATCH(LARGE($AA$7:$AA$206,6),$AA$7:$AA$206,0)) -> 0
C43: =IF(B43="","",TEXT(B43,"ddd")) | E43: =IF(D43="","",IFERROR(INDEX(ProjNumbers,MATCH(D43,ProjNames,0)),"")) | F43: =IF(D43="","",IFERROR(INDEX(ProjCodes,MATCH(D43,ProjNames,0)),"")) | J43: =IF(COUNTA(B43,D43,G43,H43,I43)=0,"",IF(B43="","Enter date",IF(OR(B43<$AC$2,B43>$AC$3),"Date not in February",IF(D43="","Pick project",IF(ISNA(MATCH(D43,ProjNames,0)),"Project not in list",IF(G43="","Add task description",IF(H43="","Pick NTIME or P6",IF(N(I43)<=0,"Enter hours",IF(AND(AllowOT<>"Yes",SUMIF($B$7:$B$256,B43,$I$7:$I$256)>INDEX($O$58:$O$85,DAY(B43))),"Day over "&INDEX($O$58:$O$85,DAY(B43))&" h","✓"))))))))) | L43: =IF($AD43=0,"",INDEX($W$7:$W$206,$AD43)) | M43: =IF($AD43=0,"",INDEX(ProjNumbers,$AD43)) | N43: =IF($AD43=0,"",INDEX(ProjCodes,$AD43)) | O43: =IF($AD43=0,"",INDEX($X$7:$X$206,$AD43)) | P43: =IF($AD43=0,"",INDEX($Y$7:$Y$206,$AD43)) | Q43: =IF($AD43=0,"",INDEX($Z$7:$Z$206,$AD43)) | R43: =IF(OR($AD43=0,$L$5=0),"",Q43/$L$5) | W43: =IF(Projects!B41="","",Projects!B41) | X43: =IF(W43="",0,SUMIFS($I$7:$I$256,$D$7:$D$256,W43,$H$7:$H$256,"NTIME")) -> 0 | Y43: =IF(W43="",0,SUMIFS($I$7:$I$256,$D$7:$D$256,W43,$H$7:$H$256,"P6")) -> 0 | Z43: =X43+Y43 -> 0 | AA43: =IF(Z43>0,Z43+(201-37)/10^6,0) -> 0 | AD43: =IF(LARGE($AA$7:$AA$206,7)<=0,0,MATCH(LARGE($AA$7:$AA$206,7),$AA$7:$AA$206,0)) -> 0
C44: =IF(B44="","",TEXT(B44,"ddd")) | E44: =IF(D44="","",IFERROR(INDEX(ProjNumbers,MATCH(D44,ProjNames,0)),"")) | F44: =IF(D44="","",IFERROR(INDEX(ProjCodes,MATCH(D44,ProjNames,0)),"")) | J44: =IF(COUNTA(B44,D44,G44,H44,I44)=0,"",IF(B44="","Enter date",IF(OR(B44<$AC$2,B44>$AC$3),"Date not in February",IF(D44="","Pick project",IF(ISNA(MATCH(D44,ProjNames,0)),"Project not in list",IF(G44="","Add task description",IF(H44="","Pick NTIME or P6",IF(N(I44)<=0,"Enter hours",IF(AND(AllowOT<>"Yes",SUMIF($B$7:$B$256,B44,$I$7:$I$256)>INDEX($O$58:$O$85,DAY(B44))),"Day over "&INDEX($O$58:$O$85,DAY(B44))&" h","✓"))))))))) | L44: =IF($AD44=0,"",INDEX($W$7:$W$206,$AD44)) | M44: =IF($AD44=0,"",INDEX(ProjNumbers,$AD44)) | N44: =IF($AD44=0,"",INDEX(ProjCodes,$AD44)) | O44: =IF($AD44=0,"",INDEX($X$7:$X$206,$AD44)) | P44: =IF($AD44=0,"",INDEX($Y$7:$Y$206,$AD44)) | Q44: =IF($AD44=0,"",INDEX($Z$7:$Z$206,$AD44)) | R44: =IF(OR($AD44=0,$L$5=0),"",Q44/$L$5) | W44: =IF(Projects!B42="","",Projects!B42) | X44: =IF(W44="",0,SUMIFS($I$7:$I$256,$D$7:$D$256,W44,$H$7:$H$256,"NTIME")) -> 0 | Y44: =IF(W44="",0,SUMIFS($I$7:$I$256,$D$7:$D$256,W44,$H$7:$H$256,"P6")) -> 0 | Z44: =X44+Y44 -> 0 | AA44: =IF(Z44>0,Z44+(201-38)/10^6,0) -> 0 | AD44: =IF(LARGE($AA$7:$AA$206,8)<=0,0,MATCH(LARGE($AA$7:$AA$206,8),$AA$7:$AA$206,0)) -> 0
C45: =IF(B45="","",TEXT(B45,"ddd")) | E45: =IF(D45="","",IFERROR(INDEX(ProjNumbers,MATCH(D45,ProjNames,0)),"")) | F45: =IF(D45="","",IFERROR(INDEX(ProjCodes,MATCH(D45,ProjNames,0)),"")) | J45: =IF(COUNTA(B45,D45,G45,H45,I45)=0,"",IF(B45="","Enter date",IF(OR(B45<$AC$2,B45>$AC$3),"Date not in February",IF(D45="","Pick project",IF(ISNA(MATCH(D45,ProjNames,0)),"Project not in list",IF(G45="","Add task description",IF(H45="","Pick NTIME or P6",IF(N(I45)<=0,"Enter hours",IF(AND(AllowOT<>"Yes",SUMIF($B$7:$B$256,B45,$I$7:$I$256)>INDEX($O$58:$O$85,DAY(B45))),"Day over "&INDEX($O$58:$O$85,DAY(B45))&" h","✓"))))))))) | L45: =IF($AD45=0,"",INDEX($W$7:$W$206,$AD45)) | M45: =IF($AD45=0,"",INDEX(ProjNumbers,$AD45)) | N45: =IF($AD45=0,"",INDEX(ProjCodes,$AD45)) | O45: =IF($AD45=0,"",INDEX($X$7:$X$206,$AD45)) | P45: =IF($AD45=0,"",INDEX($Y$7:$Y$206,$AD45)) | Q45: =IF($AD45=0,"",INDEX($Z$7:$Z$206,$AD45)) | R45: =IF(OR($AD45=0,$L$5=0),"",Q45/$L$5) | W45: =IF(Projects!B43="","",Projects!B43) | X45: =IF(W45="",0,SUMIFS($I$7:$I$256,$D$7:$D$256,W45,$H$7:$H$256,"NTIME")) -> 0 | Y45: =IF(W45="",0,SUMIFS($I$7:$I$256,$D$7:$D$256,W45,$H$7:$H$256,"P6")) -> 0 | Z45: =X45+Y45 -> 0 | AA45: =IF(Z45>0,Z45+(201-39)/10^6,0) -> 0 | AD45: =IF(LARGE($AA$7:$AA$206,9)<=0,0,MATCH(LARGE($AA$7:$AA$206,9),$AA$7:$AA$206,0)) -> 0
C46: =IF(B46="","",TEXT(B46,"ddd")) | E46: =IF(D46="","",IFERROR(INDEX(ProjNumbers,MATCH(D46,ProjNames,0)),"")) | F46: =IF(D46="","",IFERROR(INDEX(ProjCodes,MATCH(D46,ProjNames,0)),"")) | J46: =IF(COUNTA(B46,D46,G46,H46,I46)=0,"",IF(B46="","Enter date",IF(OR(B46<$AC$2,B46>$AC$3),"Date not in February",IF(D46="","Pick project",IF(ISNA(MATCH(D46,ProjNames,0)),"Project not in list",IF(G46="","Add task description",IF(H46="","Pick NTIME or P6",IF(N(I46)<=0,"Enter hours",IF(AND(AllowOT<>"Yes",SUMIF($B$7:$B$256,B46,$I$7:$I$256)>INDEX($O$58:$O$85,DAY(B46))),"Day over "&INDEX($O$58:$O$85,DAY(B46))&" h","✓"))))))))) | L46: =IF($AD46=0,"",INDEX($W$7:$W$206,$AD46)) | M46: =IF($AD46=0,"",INDEX(ProjNumbers,$AD46)) | N46: =IF($AD46=0,"",INDEX(ProjCodes,$AD46)) | O46: =IF($AD46=0,"",INDEX($X$7:$X$206,$AD46)) | P46: =IF($AD46=0,"",INDEX($Y$7:$Y$206,$AD46)) | Q46: =IF($AD46=0,"",INDEX($Z$7:$Z$206,$AD46)) | R46: =IF(OR($AD46=0,$L$5=0),"",Q46/$L$5) | W46: =IF(Projects!B44="","",Projects!B44) | X46: =IF(W46="",0,SUMIFS($I$7:$I$256,$D$7:$D$256,W46,$H$7:$H$256,"NTIME")) -> 0 | Y46: =IF(W46="",0,SUMIFS($I$7:$I$256,$D$7:$D$256,W46,$H$7:$H$256,"P6")) -> 0 | Z46: =X46+Y46 -> 0 | AA46: =IF(Z46>0,Z46+(201-40)/10^6,0) -> 0 | AD46: =IF(LARGE($AA$7:$AA$206,10)<=0,0,MATCH(LARGE($AA$7:$AA$206,10),$AA$7:$AA$206,0)) -> 0
C47: =IF(B47="","",TEXT(B47,"ddd")) | E47: =IF(D47="","",IFERROR(INDEX(ProjNumbers,MATCH(D47,ProjNames,0)),"")) | F47: =IF(D47="","",IFERROR(INDEX(ProjCodes,MATCH(D47,ProjNames,0)),"")) | J47: =IF(COUNTA(B47,D47,G47,H47,I47)=0,"",IF(B47="","Enter date",IF(OR(B47<$AC$2,B47>$AC$3),"Date not in February",IF(D47="","Pick project",IF(ISNA(MATCH(D47,ProjNames,0)),"Project not in list",IF(G47="","Add task description",IF(H47="","Pick NTIME or P6",IF(N(I47)<=0,"Enter hours",IF(AND(AllowOT<>"Yes",SUMIF($B$7:$B$256,B47,$I$7:$I$256)>INDEX($O$58:$O$85,DAY(B47))),"Day over "&INDEX($O$58:$O$85,DAY(B47))&" h","✓"))))))))) | L47: =IF($AD47=0,"",INDEX($W$7:$W$206,$AD47)) | M47: =IF($AD47=0,"",INDEX(ProjNumbers,$AD47)) | N47: =IF($AD47=0,"",INDEX(ProjCodes,$AD47)) | O47: =IF($AD47=0,"",INDEX($X$7:$X$206,$AD47)) | P47: =IF($AD47=0,"",INDEX($Y$7:$Y$206,$AD47)) | Q47: =IF($AD47=0,"",INDEX($Z$7:$Z$206,$AD47)) | R47: =IF(OR($AD47=0,$L$5=0),"",Q47/$L$5) | W47: =IF(Projects!B45="","",Projects!B45) | X47: =IF(W47="",0,SUMIFS($I$7:$I$256,$D$7:$D$256,W47,$H$7:$H$256,"NTIME")) -> 0 | Y47: =IF(W47="",0,SUMIFS($I$7:$I$256,$D$7:$D$256,W47,$H$7:$H$256,"P6")) -> 0 | Z47: =X47+Y47 -> 0 | AA47: =IF(Z47>0,Z47+(201-41)/10^6,0) -> 0 | AD47: =IF(LARGE($AA$7:$AA$206,11)<=0,0,MATCH(LARGE($AA$7:$AA$206,11),$AA$7:$AA$206,0)) -> 0
C48: =IF(B48="","",TEXT(B48,"ddd")) | E48: =IF(D48="","",IFERROR(INDEX(ProjNumbers,MATCH(D48,ProjNames,0)),"")) | F48: =IF(D48="","",IFERROR(INDEX(ProjCodes,MATCH(D48,ProjNames,0)),"")) | J48: =IF(COUNTA(B48,D48,G48,H48,I48)=0,"",IF(B48="","Enter date",IF(OR(B48<$AC$2,B48>$AC$3),"Date not in February",IF(D48="","Pick project",IF(ISNA(MATCH(D48,ProjNames,0)),"Project not in list",IF(G48="","Add task description",IF(H48="","Pick NTIME or P6",IF(N(I48)<=0,"Enter hours",IF(AND(AllowOT<>"Yes",SUMIF($B$7:$B$256,B48,$I$7:$I$256)>INDEX($O$58:$O$85,DAY(B48))),"Day over "&INDEX($O$58:$O$85,DAY(B48))&" h","✓"))))))))) | L48: =IF($AD48=0,"",INDEX($W$7:$W$206,$AD48)) | M48: =IF($AD48=0,"",INDEX(ProjNumbers,$AD48)) | N48: =IF($AD48=0,"",INDEX(ProjCodes,$AD48)) | O48: =IF($AD48=0,"",INDEX($X$7:$X$206,$AD48)) | P48: =IF($AD48=0,"",INDEX($Y$7:$Y$206,$AD48)) | Q48: =IF($AD48=0,"",INDEX($Z$7:$Z$206,$AD48)) | R48: =IF(OR($AD48=0,$L$5=0),"",Q48/$L$5) | W48: =IF(Projects!B46="","",Projects!B46) | X48: =IF(W48="",0,SUMIFS($I$7:$I$256,$D$7:$D$256,W48,$H$7:$H$256,"NTIME")) -> 0 | Y48: =IF(W48="",0,SUMIFS($I$7:$I$256,$D$7:$D$256,W48,$H$7:$H$256,"P6")) -> 0 | Z48: =X48+Y48 -> 0 | AA48: =IF(Z48>0,Z48+(201-42)/10^6,0) -> 0 | AD48: =IF(LARGE($AA$7:$AA$206,12)<=0,0,MATCH(LARGE($AA$7:$AA$206,12),$AA$7:$AA$206,0)) -> 0
C49: =IF(B49="","",TEXT(B49,"ddd")) | E49: =IF(D49="","",IFERROR(INDEX(ProjNumbers,MATCH(D49,ProjNames,0)),"")) | F49: =IF(D49="","",IFERROR(INDEX(ProjCodes,MATCH(D49,ProjNames,0)),"")) | J49: =IF(COUNTA(B49,D49,G49,H49,I49)=0,"",IF(B49="","Enter date",IF(OR(B49<$AC$2,B49>$AC$3),"Date not in February",IF(D49="","Pick project",IF(ISNA(MATCH(D49,ProjNames,0)),"Project not in list",IF(G49="","Add task description",IF(H49="","Pick NTIME or P6",IF(N(I49)<=0,"Enter hours",IF(AND(AllowOT<>"Yes",SUMIF($B$7:$B$256,B49,$I$7:$I$256)>INDEX($O$58:$O$85,DAY(B49))),"Day over "&INDEX($O$58:$O$85,DAY(B49))&" h","✓"))))))))) | L49: =IF($AD49=0,"",INDEX($W$7:$W$206,$AD49)) | M49: =IF($AD49=0,"",INDEX(ProjNumbers,$AD49)) | N49: =IF($AD49=0,"",INDEX(ProjCodes,$AD49)) | O49: =IF($AD49=0,"",INDEX($X$7:$X$206,$AD49)) | P49: =IF($AD49=0,"",INDEX($Y$7:$Y$206,$AD49)) | Q49: =IF($AD49=0,"",INDEX($Z$7:$Z$206,$AD49)) | R49: =IF(OR($AD49=0,$L$5=0),"",Q49/$L$5) | W49: =IF(Projects!B47="","",Projects!B47) | X49: =IF(W49="",0,SUMIFS($I$7:$I$256,$D$7:$D$256,W49,$H$7:$H$256,"NTIME")) -> 0 | Y49: =IF(W49="",0,SUMIFS($I$7:$I$256,$D$7:$D$256,W49,$H$7:$H$256,"P6")) -> 0 | Z49: =X49+Y49 -> 0 | AA49: =IF(Z49>0,Z49+(201-43)/10^6,0) -> 0 | AD49: =IF(LARGE($AA$7:$AA$206,13)<=0,0,MATCH(LARGE($AA$7:$AA$206,13),$AA$7:$AA$206,0)) -> 0
C50: =IF(B50="","",TEXT(B50,"ddd")) | E50: =IF(D50="","",IFERROR(INDEX(ProjNumbers,MATCH(D50,ProjNames,0)),"")) | F50: =IF(D50="","",IFERROR(INDEX(ProjCodes,MATCH(D50,ProjNames,0)),"")) | J50: =IF(COUNTA(B50,D50,G50,H50,I50)=0,"",IF(B50="","Enter date",IF(OR(B50<$AC$2,B50>$AC$3),"Date not in February",IF(D50="","Pick project",IF(ISNA(MATCH(D50,ProjNames,0)),"Project not in list",IF(G50="","Add task description",IF(H50="","Pick NTIME or P6",IF(N(I50)<=0,"Enter hours",IF(AND(AllowOT<>"Yes",SUMIF($B$7:$B$256,B50,$I$7:$I$256)>INDEX($O$58:$O$85,DAY(B50))),"Day over "&INDEX($O$58:$O$85,DAY(B50))&" h","✓"))))))))) | L50: =IF($AD50=0,"",INDEX($W$7:$W$206,$AD50)) | M50: =IF($AD50=0,"",INDEX(ProjNumbers,$AD50)) | N50: =IF($AD50=0,"",INDEX(ProjCodes,$AD50)) | O50: =IF($AD50=0,"",INDEX($X$7:$X$206,$AD50)) | P50: =IF($AD50=0,"",INDEX($Y$7:$Y$206,$AD50)) | Q50: =IF($AD50=0,"",INDEX($Z$7:$Z$206,$AD50)) | R50: =IF(OR($AD50=0,$L$5=0),"",Q50/$L$5) | W50: =IF(Projects!B48="","",Projects!B48) | X50: =IF(W50="",0,SUMIFS($I$7:$I$256,$D$7:$D$256,W50,$H$7:$H$256,"NTIME")) -> 0 | Y50: =IF(W50="",0,SUMIFS($I$7:$I$256,$D$7:$D$256,W50,$H$7:$H$256,"P6")) -> 0 | Z50: =X50+Y50 -> 0 | AA50: =IF(Z50>0,Z50+(201-44)/10^6,0) -> 0 | AD50: =IF(LARGE($AA$7:$AA$206,14)<=0,0,MATCH(LARGE($AA$7:$AA$206,14),$AA$7:$AA$206,0)) -> 0
C51: =IF(B51="","",TEXT(B51,"ddd")) | E51: =IF(D51="","",IFERROR(INDEX(ProjNumbers,MATCH(D51,ProjNames,0)),"")) | F51: =IF(D51="","",IFERROR(INDEX(ProjCodes,MATCH(D51,ProjNames,0)),"")) | J51: =IF(COUNTA(B51,D51,G51,H51,I51)=0,"",IF(B51="","Enter date",IF(OR(B51<$AC$2,B51>$AC$3),"Date not in February",IF(D51="","Pick project",IF(ISNA(MATCH(D51,ProjNames,0)),"Project not in list",IF(G51="","Add task description",IF(H51="","Pick NTIME or P6",IF(N(I51)<=0,"Enter hours",IF(AND(AllowOT<>"Yes",SUMIF($B$7:$B$256,B51,$I$7:$I$256)>INDEX($O$58:$O$85,DAY(B51))),"Day over "&INDEX($O$58:$O$85,DAY(B51))&" h","✓"))))))))) | L51: =IF($AD51=0,"",INDEX($W$7:$W$206,$AD51)) | M51: =IF($AD51=0,"",INDEX(ProjNumbers,$AD51)) | N51: =IF($AD51=0,"",INDEX(ProjCodes,$AD51)) | O51: =IF($AD51=0,"",INDEX($X$7:$X$206,$AD51)) | P51: =IF($AD51=0,"",INDEX($Y$7:$Y$206,$AD51)) | Q51: =IF($AD51=0,"",INDEX($Z$7:$Z$206,$AD51)) | R51: =IF(OR($AD51=0,$L$5=0),"",Q51/$L$5) | W51: =IF(Projects!B49="","",Projects!B49) | X51: =IF(W51="",0,SUMIFS($I$7:$I$256,$D$7:$D$256,W51,$H$7:$H$256,"NTIME")) -> 0 | Y51: =IF(W51="",0,SUMIFS($I$7:$I$256,$D$7:$D$256,W51,$H$7:$H$256,"P6")) -> 0 | Z51: =X51+Y51 -> 0 | AA51: =IF(Z51>0,Z51+(201-45)/10^6,0) -> 0 | AD51: =IF(LARGE($AA$7:$AA$206,15)<=0,0,MATCH(LARGE($AA$7:$AA$206,15),$AA$7:$AA$206,0)) -> 0
C52: =IF(B52="","",TEXT(B52,"ddd")) | E52: =IF(D52="","",IFERROR(INDEX(ProjNumbers,MATCH(D52,ProjNames,0)),"")) | F52: =IF(D52="","",IFERROR(INDEX(ProjCodes,MATCH(D52,ProjNames,0)),"")) | J52: =IF(COUNTA(B52,D52,G52,H52,I52)=0,"",IF(B52="","Enter date",IF(OR(B52<$AC$2,B52>$AC$3),"Date not in February",IF(D52="","Pick project",IF(ISNA(MATCH(D52,ProjNames,0)),"Project not in list",IF(G52="","Add task description",IF(H52="","Pick NTIME or P6",IF(N(I52)<=0,"Enter hours",IF(AND(AllowOT<>"Yes",SUMIF($B$7:$B$256,B52,$I$7:$I$256)>INDEX($O$58:$O$85,DAY(B52))),"Day over "&INDEX($O$58:$O$85,DAY(B52))&" h","✓"))))))))) | L52: Not in project list | O52: =SUM($P$58:$P$85)-SUM($X$7:$X$206) -> 0 | P52: =SUM($Q$58:$Q$85)-SUM($Y$7:$Y$206) -> 0 | Q52: =O52+P52 -> 0 | R52: =IF($L$5=0,"",Q52/$L$5) | W52: =IF(Projects!B50="","",Projects!B50) | X52: =IF(W52="",0,SUMIFS($I$7:$I$256,$D$7:$D$256,W52,$H$7:$H$256,"NTIME")) -> 0 | Y52: =IF(W52="",0,SUMIFS($I$7:$I$256,$D$7:$D$256,W52,$H$7:$H$256,"P6")) -> 0 | Z52: =X52+Y52 -> 0 | AA52: =IF(Z52>0,Z52+(201-46)/10^6,0) -> 0
C53: =IF(B53="","",TEXT(B53,"ddd")) | E53: =IF(D53="","",IFERROR(INDEX(ProjNumbers,MATCH(D53,ProjNames,0)),"")) | F53: =IF(D53="","",IFERROR(INDEX(ProjCodes,MATCH(D53,ProjNames,0)),"")) | J53: =IF(COUNTA(B53,D53,G53,H53,I53)=0,"",IF(B53="","Enter date",IF(OR(B53<$AC$2,B53>$AC$3),"Date not in February",IF(D53="","Pick project",IF(ISNA(MATCH(D53,ProjNames,0)),"Project not in list",IF(G53="","Add task description",IF(H53="","Pick NTIME or P6",IF(N(I53)<=0,"Enter hours",IF(AND(AllowOT<>"Yes",SUMIF($B$7:$B$256,B53,$I$7:$I$256)>INDEX($O$58:$O$85,DAY(B53))),"Day over "&INDEX($O$58:$O$85,DAY(B53))&" h","✓"))))))))) | L53: Overhead | M53: Department Hours | O53: =IF(OHSystem="NTIME",O5,"") | P53: =IF(OHSystem="P6",O5,"") | Q53: =O5 -> 0 | R53: =IF($L$5=0,"",Q53/$L$5) | W53: =IF(Projects!B51="","",Projects!B51) | X53: =IF(W53="",0,SUMIFS($I$7:$I$256,$D$7:$D$256,W53,$H$7:$H$256,"NTIME")) -> 0 | Y53: =IF(W53="",0,SUMIFS($I$7:$I$256,$D$7:$D$256,W53,$H$7:$H$256,"P6")) -> 0 | Z53: =X53+Y53 -> 0 | AA53: =IF(Z53>0,Z53+(201-47)/10^6,0) -> 0
C54: =IF(B54="","",TEXT(B54,"ddd")) | E54: =IF(D54="","",IFERROR(INDEX(ProjNumbers,MATCH(D54,ProjNames,0)),"")) | F54: =IF(D54="","",IFERROR(INDEX(ProjCodes,MATCH(D54,ProjNames,0)),"")) | J54: =IF(COUNTA(B54,D54,G54,H54,I54)=0,"",IF(B54="","Enter date",IF(OR(B54<$AC$2,B54>$AC$3),"Date not in February",IF(D54="","Pick project",IF(ISNA(MATCH(D54,ProjNames,0)),"Project not in list",IF(G54="","Add task description",IF(H54="","Pick NTIME or P6",IF(N(I54)<=0,"Enter hours",IF(AND(AllowOT<>"Yes",SUMIF($B$7:$B$256,B54,$I$7:$I$256)>INDEX($O$58:$O$85,DAY(B54))),"Day over "&INDEX($O$58:$O$85,DAY(B54))&" h","✓"))))))))) | L54: Total | O54: =M5 -> 0 | P54: =N5 -> 0 | Q54: =L5 -> 0 | W54: =IF(Projects!B52="","",Projects!B52) | X54: =IF(W54="",0,SUMIFS($I$7:$I$256,$D$7:$D$256,W54,$H$7:$H$256,"NTIME")) -> 0 | Y54: =IF(W54="",0,SUMIFS($I$7:$I$256,$D$7:$D$256,W54,$H$7:$H$256,"P6")) -> 0 | Z54: =X54+Y54 -> 0 | AA54: =IF(Z54>0,Z54+(201-48)/10^6,0) -> 0
C55: =IF(B55="","",TEXT(B55,"ddd")) | E55: =IF(D55="","",IFERROR(INDEX(ProjNumbers,MATCH(D55,ProjNames,0)),"")) | F55: =IF(D55="","",IFERROR(INDEX(ProjCodes,MATCH(D55,ProjNames,0)),"")) | J55: =IF(COUNTA(B55,D55,G55,H55,I55)=0,"",IF(B55="","Enter date",IF(OR(B55<$AC$2,B55>$AC$3),"Date not in February",IF(D55="","Pick project",IF(ISNA(MATCH(D55,ProjNames,0)),"Project not in list",IF(G55="","Add task description",IF(H55="","Pick NTIME or P6",IF(N(I55)<=0,"Enter hours",IF(AND(AllowOT<>"Yes",SUMIF($B$7:$B$256,B55,$I$7:$I$256)>INDEX($O$58:$O$85,DAY(B55))),"Day over "&INDEX($O$58:$O$85,DAY(B55))&" h","✓"))))))))) | W55: =IF(Projects!B53="","",Projects!B53) | X55: =IF(W55="",0,SUMIFS($I$7:$I$256,$D$7:$D$256,W55,$H$7:$H$256,"NTIME")) -> 0 | Y55: =IF(W55="",0,SUMIFS($I$7:$I$256,$D$7:$D$256,W55,$H$7:$H$256,"P6")) -> 0 | Z55: =X55+Y55 -> 0 | AA55: =IF(Z55>0,Z55+(201-49)/10^6,0) -> 0
C56: =IF(B56="","",TEXT(B56,"ddd")) | E56: =IF(D56="","",IFERROR(INDEX(ProjNumbers,MATCH(D56,ProjNames,0)),"")) | F56: =IF(D56="","",IFERROR(INDEX(ProjCodes,MATCH(D56,ProjNames,0)),"")) | J56: =IF(COUNTA(B56,D56,G56,H56,I56)=0,"",IF(B56="","Enter date",IF(OR(B56<$AC$2,B56>$AC$3),"Date not in February",IF(D56="","Pick project",IF(ISNA(MATCH(D56,ProjNames,0)),"Project not in list",IF(G56="","Add task description",IF(H56="","Pick NTIME or P6",IF(N(I56)<=0,"Enter hours",IF(AND(AllowOT<>"Yes",SUMIF($B$7:$B$256,B56,$I$7:$I$256)>INDEX($O$58:$O$85,DAY(B56))),"Day over "&INDEX($O$58:$O$85,DAY(B56))&" h","✓"))))))))) | L56: DAILY SUMMARY | W56: =IF(Projects!B54="","",Projects!B54) | X56: =IF(W56="",0,SUMIFS($I$7:$I$256,$D$7:$D$256,W56,$H$7:$H$256,"NTIME")) -> 0 | Y56: =IF(W56="",0,SUMIFS($I$7:$I$256,$D$7:$D$256,W56,$H$7:$H$256,"P6")) -> 0 | Z56: =X56+Y56 -> 0 | AA56: =IF(Z56>0,Z56+(201-50)/10^6,0) -> 0
C57: =IF(B57="","",TEXT(B57,"ddd")) | E57: =IF(D57="","",IFERROR(INDEX(ProjNumbers,MATCH(D57,ProjNames,0)),"")) | F57: =IF(D57="","",IFERROR(INDEX(ProjCodes,MATCH(D57,ProjNames,0)),"")) | J57: =IF(COUNTA(B57,D57,G57,H57,I57)=0,"",IF(B57="","Enter date",IF(OR(B57<$AC$2,B57>$AC$3),"Date not in February",IF(D57="","Pick project",IF(ISNA(MATCH(D57,ProjNames,0)),"Project not in list",IF(G57="","Add task description",IF(H57="","Pick NTIME or P6",IF(N(I57)<=0,"Enter hours",IF(AND(AllowOT<>"Yes",SUMIF($B$7:$B$256,B57,$I$7:$I$256)>INDEX($O$58:$O$85,DAY(B57))),"Day over "&INDEX($O$58:$O$85,DAY(B57))&" h","✓"))))))))) | L57: Date | M57: Day | N57: Day Type | O57: Available | P57: NTIME | Q57: P6 | R57: Overhead | S57: Overtime | T57: Total | U57: Status | W57: =IF(Projects!B55="","",Projects!B55) | X57: =IF(W57="",0,SUMIFS($I$7:$I$256,$D$7:$D$256,W57,$H$7:$H$256,"NTIME")) -> 0 | Y57: =IF(W57="",0,SUMIFS($I$7:$I$256,$D$7:$D$256,W57,$H$7:$H$256,"P6")) -> 0 | Z57: =X57+Y57 -> 0 | AA57: =IF(Z57>0,Z57+(201-51)/10^6,0) -> 0
C58: =IF(B58="","",TEXT(B58,"ddd")) | E58: =IF(D58="","",IFERROR(INDEX(ProjNumbers,MATCH(D58,ProjNames,0)),"")) | F58: =IF(D58="","",IFERROR(INDEX(ProjCodes,MATCH(D58,ProjNames,0)),"")) | J58: =IF(COUNTA(B58,D58,G58,H58,I58)=0,"",IF(B58="","Enter date",IF(OR(B58<$AC$2,B58>$AC$3),"Date not in February",IF(D58="","Pick project",IF(ISNA(MATCH(D58,ProjNames,0)),"Project not in list",IF(G58="","Add task description",IF(H58="","Pick NTIME or P6",IF(N(I58)<=0,"Enter hours",IF(AND(AllowOT<>"Yes",SUMIF($B$7:$B$256,B58,$I$7:$I$256)>INDEX($O$58:$O$85,DAY(B58))),"Day over "&INDEX($O$58:$O$85,DAY(B58))&" h","✓"))))))))) | L58: 46054 | M58: =TEXT(L58,"ddd") -> Sun | N58: Weekend | O58: =AvailHours -> 8 | P58: =SUMIFS($I$7:$I$256,$B$7:$B$256,L58,$H$7:$H$256,"NTIME") -> 0 | Q58: =SUMIFS($I$7:$I$256,$B$7:$B$256,L58,$H$7:$H$256,"P6") -> 0 | R58: =IF(N58="Overhead only",O58,IF(AND(N58="Working",P58+Q58>0),MAX(0,O58-P58-Q58),0)) -> 0 | S58: =IF(OR(N58="Working",N58="Overhead only"),MAX(0,P58+Q58-O58),0) -> 0 | T58: =P58+Q58+R58 -> 0 | U58: =IF(N58="Working",IF(P58+Q58=0,IF(L58<=TODAY(),"Not logged",""),IF(P58+Q58>O58,IF(AllowOT="Yes","Overtime","Over "&O58&" h!"),"✓")),IF(N58="Overhead only","✓ Overhead day",IF(P58+Q58>0,"Entries on "&LOWER(N58)&" day",N58))) -> Weekend | W58: =IF(Projects!B56="","",Projects!B56) | X58: =IF(W58="",0,SUMIFS($I$7:$I$256,$D$7:$D$256,W58,$H$7:$H$256,"NTIME")) -> 0 | Y58: =IF(W58="",0,SUMIFS($I$7:$I$256,$D$7:$D$256,W58,$H$7:$H$256,"P6")) -> 0 | Z58: =X58+Y58 -> 0 | AA58: =IF(Z58>0,Z58+(201-52)/10^6,0) -> 0
C59: =IF(B59="","",TEXT(B59,"ddd")) | E59: =IF(D59="","",IFERROR(INDEX(ProjNumbers,MATCH(D59,ProjNames,0)),"")) | F59: =IF(D59="","",IFERROR(INDEX(ProjCodes,MATCH(D59,ProjNames,0)),"")) | J59: =IF(COUNTA(B59,D59,G59,H59,I59)=0,"",IF(B59="","Enter date",IF(OR(B59<$AC$2,B59>$AC$3),"Date not in February",IF(D59="","Pick project",IF(ISNA(MATCH(D59,ProjNames,0)),"Project not in list",IF(G59="","Add task description",IF(H59="","Pick NTIME or P6",IF(N(I59)<=0,"Enter hours",IF(AND(AllowOT<>"Yes",SUMIF($B$7:$B$256,B59,$I$7:$I$256)>INDEX($O$58:$O$85,DAY(B59))),"Day over "&INDEX($O$58:$O$85,DAY(B59))&" h","✓"))))))))) | L59: 46055 | M59: =TEXT(L59,"ddd") -> Mon | N59: Working | O59: =AvailHours -> 8 | P59: =SUMIFS($I$7:$I$256,$B$7:$B$256,L59,$H$7:$H$256,"NTIME") -> 0 | Q59: =SUMIFS($I$7:$I$256,$B$7:$B$256,L59,$H$7:$H$256,"P6") -> 0 | R59: =IF(N59="Overhead only",O59,IF(AND(N59="Working",P59+Q59>0),MAX(0,O59-P59-Q59),0)) -> 0 | S59: =IF(OR(N59="Working",N59="Overhead only"),MAX(0,P59+Q59-O59),0) -> 0 | T59: =P59+Q59+R59 -> 0 | U59: =IF(N59="Working",IF(P59+Q59=0,IF(L59<=TODAY(),"Not logged",""),IF(P59+Q59>O59,IF(AllowOT="Yes","Overtime","Over "&O59&" h!"),"✓")),IF(N59="Overhead only","✓ Overhead day",IF(P59+Q59>0,"Entries on "&LOWER(N59)&" day",N59))) -> Not logged | W59: =IF(Projects!B57="","",Projects!B57) | X59: =IF(W59="",0,SUMIFS($I$7:$I$256,$D$7:$D$256,W59,$H$7:$H$256,"NTIME")) -> 0 | Y59: =IF(W59="",0,SUMIFS($I$7:$I$256,$D$7:$D$256,W59,$H$7:$H$256,"P6")) -> 0 | Z59: =X59+Y59 -> 0 | AA59: =IF(Z59>0,Z59+(201-53)/10^6,0) -> 0
C60: =IF(B60="","",TEXT(B60,"ddd")) | E60: =IF(D60="","",IFERROR(INDEX(ProjNumbers,MATCH(D60,ProjNames,0)),"")) | F60: =IF(D60="","",IFERROR(INDEX(ProjCodes,MATCH(D60,ProjNames,0)),"")) | J60: =IF(COUNTA(B60,D60,G60,H60,I60)=0,"",IF(B60="","Enter date",IF(OR(B60<$AC$2,B60>$AC$3),"Date not in February",IF(D60="","Pick project",IF(ISNA(MATCH(D60,ProjNames,0)),"Project not in list",IF(G60="","Add task description",IF(H60="","Pick NTIME or P6",IF(N(I60)<=0,"Enter hours",IF(AND(AllowOT<>"Yes",SUMIF($B$7:$B$256,B60,$I$7:$I$256)>INDEX($O$58:$O$85,DAY(B60))),"Day over "&INDEX($O$58:$O$85,DAY(B60))&" h","✓"))))))))) | L60: 46056 | M60: =TEXT(L60,"ddd") -> Tue | N60: Working | O60: =AvailHours -> 8 | P60: =SUMIFS($I$7:$I$256,$B$7:$B$256,L60,$H$7:$H$256,"NTIME") -> 0 | Q60: =SUMIFS($I$7:$I$256,$B$7:$B$256,L60,$H$7:$H$256,"P6") -> 0 | R60: =IF(N60="Overhead only",O60,IF(AND(N60="Working",P60+Q60>0),MAX(0,O60-P60-Q60),0)) -> 0 | S60: =IF(OR(N60="Working",N60="Overhead only"),MAX(0,P60+Q60-O60),0) -> 0 | T60: =P60+Q60+R60 -> 0 | U60: =IF(N60="Working",IF(P60+Q60=0,IF(L60<=TODAY(),"Not logged",""),IF(P60+Q60>O60,IF(AllowOT="Yes","Overtime","Over "&O60&" h!"),"✓")),IF(N60="Overhead only","✓ Overhead day",IF(P60+Q60>0,"Entries on "&LOWER(N60)&" day",N60))) -> Not logged | W60: =IF(Projects!B58="","",Projects!B58) | X60: =IF(W60="",0,SUMIFS($I$7:$I$256,$D$7:$D$256,W60,$H$7:$H$256,"NTIME")) -> 0 | Y60: =IF(W60="",0,SUMIFS($I$7:$I$256,$D$7:$D$256,W60,$H$7:$H$256,"P6")) -> 0 | Z60: =X60+Y60 -> 0 | AA60: =IF(Z60>0,Z60+(201-54)/10^6,0) -> 0
C61: =IF(B61="","",TEXT(B61,"ddd")) | E61: =IF(D61="","",IFERROR(INDEX(ProjNumbers,MATCH(D61,ProjNames,0)),"")) | F61: =IF(D61="","",IFERROR(INDEX(ProjCodes,MATCH(D61,ProjNames,0)),"")) | J61: =IF(COUNTA(B61,D61,G61,H61,I61)=0,"",IF(B61="","Enter date",IF(OR(B61<$AC$2,B61>$AC$3),"Date not in February",IF(D61="","Pick project",IF(ISNA(MATCH(D61,ProjNames,0)),"Project not in list",IF(G61="","Add task description",IF(H61="","Pick NTIME or P6",IF(N(I61)<=0,"Enter hours",IF(AND(AllowOT<>"Yes",SUMIF($B$7:$B$256,B61,$I$7:$I$256)>INDEX($O$58:$O$85,DAY(B61))),"Day over "&INDEX($O$58:$O$85,DAY(B61))&" h","✓"))))))))) | L61: 46057 | M61: =TEXT(L61,"ddd") -> Wed | N61: Working | O61: =AvailHours -> 8 | P61: =SUMIFS($I$7:$I$256,$B$7:$B$256,L61,$H$7:$H$256,"NTIME") -> 0 | Q61: =SUMIFS($I$7:$I$256,$B$7:$B$256,L61,$H$7:$H$256,"P6") -> 0 | R61: =IF(N61="Overhead only",O61,IF(AND(N61="Working",P61+Q61>0),MAX(0,O61-P61-Q61),0)) -> 0 | S61: =IF(OR(N61="Working",N61="Overhead only"),MAX(0,P61+Q61-O61),0) -> 0 | T61: =P61+Q61+R61 -> 0 | U61: =IF(N61="Working",IF(P61+Q61=0,IF(L61<=TODAY(),"Not logged",""),IF(P61+Q61>O61,IF(AllowOT="Yes","Overtime","Over "&O61&" h!"),"✓")),IF(N61="Overhead only","✓ Overhead day",IF(P61+Q61>0,"Entries on "&LOWER(N61)&" day",N61))) -> Not logged | W61: =IF(Projects!B59="","",Projects!B59) | X61: =IF(W61="",0,SUMIFS($I$7:$I$256,$D$7:$D$256,W61,$H$7:$H$256,"NTIME")) -> 0 | Y61: =IF(W61="",0,SUMIFS($I$7:$I$256,$D$7:$D$256,W61,$H$7:$H$256,"P6")) -> 0 | Z61: =X61+Y61 -> 0 | AA61: =IF(Z61>0,Z61+(201-55)/10^6,0) -> 0
C62: =IF(B62="","",TEXT(B62,"ddd")) | E62: =IF(D62="","",IFERROR(INDEX(ProjNumbers,MATCH(D62,ProjNames,0)),"")) | F62: =IF(D62="","",IFERROR(INDEX(ProjCodes,MATCH(D62,ProjNames,0)),"")) | J62: =IF(COUNTA(B62,D62,G62,H62,I62)=0,"",IF(B62="","Enter date",IF(OR(B62<$AC$2,B62>$AC$3),"Date not in February",IF(D62="","Pick project",IF(ISNA(MATCH(D62,ProjNames,0)),"Project not in list",IF(G62="","Add task description",IF(H62="","Pick NTIME or P6",IF(N(I62)<=0,"Enter hours",IF(AND(AllowOT<>"Yes",SUMIF($B$7:$B$256,B62,$I$7:$I$256)>INDEX($O$58:$O$85,DAY(B62))),"Day over "&INDEX($O$58:$O$85,DAY(B62))&" h","✓"))))))))) | L62: 46058 | M62: =TEXT(L62,"ddd") -> Thu | N62: Working | O62: =AvailHours -> 8 | P62: =SUMIFS($I$7:$I$256,$B$7:$B$256,L62,$H$7:$H$256,"NTIME") -> 0 | Q62: =SUMIFS($I$7:$I$256,$B$7:$B$256,L62,$H$7:$H$256,"P6") -> 0 | R62: =IF(N62="Overhead only",O62,IF(AND(N62="Working",P62+Q62>0),MAX(0,O62-P62-Q62),0)) -> 0 | S62: =IF(OR(N62="Working",N62="Overhead only"),MAX(0,P62+Q62-O62),0) -> 0 | T62: =P62+Q62+R62 -> 0 | U62: =IF(N62="Working",IF(P62+Q62=0,IF(L62<=TODAY(),"Not logged",""),IF(P62+Q62>O62,IF(AllowOT="Yes","Overtime","Over "&O62&" h!"),"✓")),IF(N62="Overhead only","✓ Overhead day",IF(P62+Q62>0,"Entries on "&LOWER(N62)&" day",N62))) -> Not logged | W62: =IF(Projects!B60="","",Projects!B60) | X62: =IF(W62="",0,SUMIFS($I$7:$I$256,$D$7:$D$256,W62,$H$7:$H$256,"NTIME")) -> 0 | Y62: =IF(W62="",0,SUMIFS($I$7:$I$256,$D$7:$D$256,W62,$H$7:$H$256,"P6")) -> 0 | Z62: =X62+Y62 -> 0 | AA62: =IF(Z62>0,Z62+(201-56)/10^6,0) -> 0
